nombre_farmacia,calle,numero,colonia,ciudad,codigo_postal,latitud,longitud
ACAPULCO 1,ACAPULCO DE JUAREZ,ED A,PROGRESO,ACAPULCO DE JUAREZ,39350,16.86016,-99.90353
ACAPULCO 10,ACAPULCO DE JUAREZ,8,ALTA PROGRESO,ACAPULCO DE JUAREZ,39610,16.87317,-99.89115
ACAPULCO 11,ACAPULCO DE JUAREZ,LT 10,LA ESPERANZA,ACAPULCO DE JUAREZ,39610,16.84682,-99.81231
ACAPULCO 13,ACAPULCO DE JUAREZ,36,LAS CRUCES,ACAPULCO DE JUAREZ,39902,16.88586,-99.83698
ACAPULCO 14,ACAPULCO DE JUAREZ,129,PROGRESO,ACAPULCO DE JUAREZ,39350,16.85863,-99.89725
ACAPULCO 17,ACAPULCO DE JUAREZ,70 Y 71,EX EJIDO DE SANTA CRUZ,ACAPULCO DE JUAREZ,39530,16.86327,-99.90348
ACAPULCO 19,ACAPULCO DE JUAREZ,2DASECCION,PROGRESO,ACAPULCO DE JUAREZ,39350,16.86561,-99.89405
ACAPULCO 2,ACAPULCO DE JUAREZ,KM-393-394,LIBERTADORES,ACAPULCO DE JUAREZ,39770,16.8943,-99.83355
ACAPULCO 21,ACAPULCO DE JUAREZ,43-C,ACAPULCO DE JUAREZ CENTRO,ACAPULCO DE JUAREZ,39300,16.85372,-99.90617
ACAPULCO 22,ACAPULCO DE JUAREZ,S/N,FRACCIONAMIENTO MAGALLANES,ACAPULCO DE JUAREZ,39670,16.86064,-99.8817
ACAPULCO 23,ACAPULCO DE JUAREZ,13,ACAPULCO DE JUAREZ CENTRO,ACAPULCO DE JUAREZ,39300,16.85148,-99.90702
ACAPULCO 24,ACAPULCO DE JUAREZ,LT 15,EXCAMPO DE TIRO,ACAPULCO DE JUAREZ,39422,16.87517,-99.87584
ACAPULCO 27,ACAPULCO DE JUAREZ,S/N,RENACIMIENTO,ACAPULCO DE JUAREZ,39715,16.89477,-99.83262
ACAPULCO 28,ACAPULCO DE JUAREZ,1401 LTA,EL PROGRESO,ACAPULCO DE JUAREZ,39350,16.86967,-99.89697
ACAPULCO 29,ACAPULCO DE JUAREZ,701,FRACCIONAMIENTO HORNOS,ACAPULCO DE JUAREZ,39355,16.85402,-99.90045
ACAPULCO 3,ACAPULCO DE JUAREZ,330,CENTRO,ACAPULCO DE JUAREZ,39300,16.84922,-99.90643
ACAPULCO 30,ACAPULCO DE JUAREZ,2,CENTRO,ACAPULCO DE JUAREZ,39300,16.84901,-99.90825
ACAPULCO 31,ACAPULCO DE JUAREZ,LOTE 13,FRACCIONAMIENTO COSTA AZUL,ACAPULCO DE JUAREZ,39850,16.84272,-99.84889
ACAPULCO 32,ACAPULCO DE JUAREZ,485,AGUAS BLANCAS,ACAPULCO DE JUAREZ,39589,16.86253,-99.90773
ACAPULCO 33,ACAPULCO DE JUAREZ,802,EL PROGRESO,ACAPULCO DE JUAREZ,39350,16.85816,-99.89895
ACAPULCO 34,ACAPULCO DE JUAREZ,202,LIBERTADORES,ACAPULCO DE JUAREZ,39770,16.8905,-99.83604
ACAPULCO 35,ACAPULCO DE JUAREZ,.,LA ZANJA O LA POZA,ACAPULCO DE JUAREZ,39906,16.77965,-99.78362
ACAPULCO 36,ACAPULCO DE JUAREZ,234 LOTE1 MANZ 40,GARITA DE JUAREZ,ACAPULCO DE JUAREZ,39650,16.87683,-99.86999
ACAPULCO 37,ACAPULCO DE JUAREZ,LOCAL 4,COSTA AZUL,ACAPULCO DE JUAREZ,39850,16.85167,-99.84839
ACAPULCO 38,ACAPULCO DE JUAREZ,S/N,MOZIMBA,ACAPULCO DE JUAREZ,39460,16.86484,-99.92744
ACAPULCO 39,ACAPULCO DE JUAREZ,191,PROGRESO,ACAPULCO DE JUAREZ,39350,16.86023,-99.89211
ACAPULCO 4,ACAPULCO DE JUAREZ,46,CENTRO,ACAPULCO DE JUAREZ,39300,16.85707,-99.90396
ACAPULCO 40,ACAPULCO DE JUAREZ,90,CENTRO,ACAPULCO DE JUAREZ,39300,16.85614,-99.90119
ACAPULCO 41,ACAPULCO DE JUAREZ,LT 7 BMZA 11 A,FARALLON DEL OBISPO,ACAPULCO DE JUAREZ,39690,16.86356,-99.8691
ACAPULCO 5,ACAPULCO DE JUAREZ,7,VICENTE GUERRERO,ACAPULCO DE JUAREZ,39760,16.8785,-99.85542
ACAPULCO 6,ACAPULCO DE JUAREZ,54,COSTA AZUL,ACAPULCO DE JUAREZ,39580,16.85087,-99.85231
ACAPULCO 7,ACAPULCO DE JUAREZ,180,FRACCIONAMIENTO MAGALLANES,ACAPULCO DE JUAREZ,39670,16.86096,-99.87508
ACAPULCO 8,ACAPULCO DE JUAREZ,21,LA ESPERANZA,ACAPULCO DE JUAREZ,39810,16.84657,-99.81358
ACAPULCO 9,ACAPULCO DE JUAREZ,3,LAS PLAYAS,ACAPULCO DE JUAREZ,39390,16.83231,-99.90339
"ACATLAN DE JUAREZ 1, JAL",ACATLAN DE JUAREZ,201,CENTRO,ACATLAN DE JUAREZ,45700,20.42541,-103.5964
ACAYUCAN 1,ACAYUCAN,308,ACAYUCAN CENTRO,ACAYUCAN,96000,17.95258,-94.917
ACAYUCAN 2,ACAYUCAN,903,ACAYUCAN CENTRO,ACAYUCAN,96000,17.94947,-94.91647
ACAYUCAN 3,ACAYUCAN,104,ZAPOTAL,ACAYUCAN,96039,17.94946,-94.90617
ACAYUCAN 4,ACAYUCAN,2000,BARRIO DE SAN DIEGO,ACAYUCAN,96055,17.94834,-94.92277
AEROPUERTO,CIUDAD DE MEXICO,LC NB-24SL B,PEÑON DE LOS BAÑOS,CIUDAD DE MEXICO,15520,19.43341,-99.08559
AEROPUERTO 2,CIUDAD DE MEXICO,LC 92T1Y 93T1,PEÑON DE LOS BAÑOS,CIUDAD DE MEXICO,15520,19.43553,-99.083
AGRICOLA ORIENTAL 1,CIUDAD DE MEXICO,330,AGRICOLA ORIENTAL,CIUDAD DE MEXICO,08500,19.3946,-99.07284
AGRICOLA ORIENTAL 2,CIUDAD DE MEXICO,285,AGRICOLA ORIENTAL,CIUDAD DE MEXICO,08500,19.39192,-99.07402
AGUA DULCE 1,AGUA DULCE,S/N,CENTRO,AGUA DULCE,96600,18.14341,-94.14111
AGUA DULCE 2,AGUA DULCE,235,AGUA DULCE CENTRO,AGUA DULCE,96600,18.14089,-94.14181
AGUA DULCE 3,AGUA DULCE,6,EMILIANO ZAPATA,AGUA DULCE,96620,18.13759,-94.15063
"ALPES 1, D.F.",CIUDAD DE MEXICO,48,LOS ALPES,CIUDAD DE MEXICO,01010,19.36273,-99.19107
ANAHUAC 2,CIUDAD DE MEXICO,43,ANAHUAC,CIUDAD DE MEXICO,11320,19.44021,-99.1766
ANAHUAC 3,CIUDAD DE MEXICO,96,ANAHUAC,CIUDAD DE MEXICO,11400,19.45006,-99.18359
ANTILLAS,CIUDAD DE MEXICO,318,PORTALES SUR,CIUDAD DE MEXICO,03300,19.36847,-99.14294
APATLACO 1,CIUDAD DE MEXICO,33,APATLACO,CIUDAD DE MEXICO,09430,19.3795,-99.11473
APATZINGAN 1,APATZINGAN,16 D,CENTRO,APATZINGAN,60600,19.08398,-102.3558
APATZINGAN 3,APATZINGAN,7,APATZINGAN DE LA CONSTITUCION CENTRO,APATZINGAN,60600,19.08679,-102.3542
APATZINGAN 5,APATZINGAN,77 A,APATZINGAN DE LA CONSTITUCION CENTRO,APATZINGAN,60600,19.08381,-102.3557
ARAGON LA VILLA,CIUDAD DE MEXICO,S/N (70),ARAGON LA VILLA,CIUDAD DE MEXICO,07000,19.48044,-99.11531
ARCELIA 1,ARCELIA,19,CENTRO,ARCELIA,40500,18.31727,-100.2841
ARCELIA 2,ARCELIA,3,ARCELIA CENTRO,ARCELIA,40500,18.31583,-100.2833
ARCELIA 3,ARCELIA,S/N,LINDAVISTA,ARCELIA,40500,18.32179,-100.2812
ARCOS DE BELEN 2,CIUDAD DE MEXICO,26,DOCTORES,CIUDAD DE MEXICO,06720,19.42678,-99.14388
"ARIO DE ROSALES, MCH",ARIO,36,ARIO DE ROSALES,ARIO,61830,19.20633,-101.7092
ASTURIAS,CIUDAD DE MEXICO,65,ASTURIAS,CIUDAD DE MEXICO,06850,19.40845,-99.13196
ATIZAPAN 3,CIUDAD ADOLFO LOPEZ MATEOS,53 MZ 122LT 3,CERRO GRANDE,CIUDAD ADOLFO LOPEZ MATEOS,52920,19.57991,-99.21615
AV. CENTRAL 2,ECATEPEC,MZ 59,VALLE DE ANAHUAC SECC A,ECATEPEC,55210,19.51466,-99.03678
AV. CENTRAL 3,NEZAHUALCOYOTL,773,VALLE DE ARAGON SEGUNDA SECC,NEZAHUALCOYOTL,57100,19.48749,-99.04773
AV. JALISCO,CIUDAD DE MEXICO,4,TACUBAYA,CIUDAD DE MEXICO,11870,19.40064,-99.18793
AV. JALISCO 2,CIUDAD DE MEXICO,7,TACUBAYA,CIUDAD DE MEXICO,11870,19.40594,-99.1852
AV. MEXICO 1,CIUDAD DE MEXICO,1067,SANTA TERESA,CIUDAD DE MEXICO,10710,19.31097,-99.22543
AVENIDA 8,CIUDAD DE MEXICO,196,IGNACIO ZARAGOZA,CIUDAD DE MEXICO,15000,19.41254,-99.08996
AYUNTAMIENTO 1,CIUDAD DE MEXICO,14,CENTRO,CIUDAD DE MEXICO,06000,19.43034,-99.14228
AYUNTAMIENTO 2,CIUDAD DE MEXICO,77,CENTRO,CIUDAD DE MEXICO,06050,19.43106,-99.14607
BALDERAS 1,CIUDAD DE MEXICO,33,CENTRO,CIUDAD DE MEXICO,06040,19.43455,-99.14756
BARONA,CUERNAVACA,68,ANTONIO BARONA,CUERNAVACA,62320,18.94661,-99.19569
BOCA DEL RIO 1,BOCA DEL RIO,307,CENTRO,BOCA DEL RIO,94290,19.10098,-96.1055
BOCA DEL RIO 10,BOCA DEL RIO,LT 6 MZ65-B,VILLA RICA,BOCA DEL RIO,94298,19.12624,-96.11489
BOCA DEL RIO 2,BOCA DEL RIO,500-A,COSTA VERDE,BOCA DEL RIO,94294,19.166,-96.11328
BOCA DEL RIO 3,BOCA DEL RIO,54,VENUSTIANO CARRANZA,BOCA DEL RIO,94297,19.1301,-96.12372
BOCA DEL RIO 4,BOCA DEL RIO,LT 1,MANLIO FABIO ALTAMIRANO,BOCA DEL RIO,94296,19.14924,-96.12851
BOCA DEL RIO 5,BOCA DEL RIO,765,FRACCIONAMIENTO VIRGINIA,BOCA DEL RIO,94294,19.16511,-96.11721
BOCA DEL RIO 6,BOCA DEL RIO,18,VILLA RICA,BOCA DEL RIO,94298,19.1325,-96.11369
BOCA DEL RIO 7,BOCA DEL RIO,429,FRACCIONAMIENTO VIRGINIA,BOCA DEL RIO,94294,19.16401,-96.12682
BOCA DEL RIO 8,BOCA DEL RIO,2670,VENUSTIANO CARRANZA,BOCA DEL RIO,94297,19.12451,-96.12566
BOCA DEL RIO 9,BOCA DEL RIO,L-23 M-7,LUIS ECHEVERRIA ALVAREZ,BOCA DEL RIO,94298,19.12957,-96.1075
CALLE 7,CIUDAD DE MEXICO,288,PANTITLAN,CIUDAD DE MEXICO,08100,19.4117,-99.05711
CALZADA DE GUADALUPE 2,CIUDAD DE MEXICO,161,VALLE GOMEZ,CIUDAD DE MEXICO,06240,19.4604,-99.12653
CALZADA GUADALUPE 1,CIUDAD DE MEXICO,416,INDUSTRIAL,CIUDAD DE MEXICO,07800,19.47124,-99.12269
CANAL DEL NORTE 1,CIUDAD DE MEXICO,274,POPULAR RASTRO,CIUDAD DE MEXICO,15220,19.45031,-99.11595
CANCUN 14,CANCUN,MZ 19,REGION 240,CANCUN,77527,21.19033,-86.8283
CANCUN 16,CANCUN,1517,SUPERMANZANA 201 CANCUN,CANCUN,77539,21.15742,-86.89684
CANCUN 17,CANCUN,LT 01 MZ28,SUPERMANZANA 50,CANCUN,77533,21.14104,-86.85279
CANCUN 19,CANCUN,MZ-105 L-22 SM 259,FRACCIONAMIENTO VILLA OTOCH PARAISO,CANCUN,77539,21.14845,-86.91579
CANCUN 2,CANCUN,S/N MZ 05,SUPERMANZANA 7,CANCUN,77503,21.14549,-86.82405
CANCUN 21,CANCUN,MANZANA 16,FRACCIONAMIENTO EL MILAGRO,CANCUN,77536,21.11698,-86.91138
CANCUN 24,CANCUN,MZ-100L-02-03,SUPERMANZANA 99,CANCUN,77536,21.14046,-86.89084
CANCUN 3,CANCUN,LT 2-49/51,SMZA 22 CANCUN,CANCUN,77500,21.15903,-86.82584
CANCUN 5,CANCUN,SM 220,NUEVOS HORIZONTES 2,CANCUN,77517,21.17362,-86.86249
CANCUN 6,CANCUN,MZ94 LT16,REGION 101,CANCUN,77519,21.15143,-86.87968
CANCUN 9,CANCUN,SM91 MZ 60,CANCUN CENTRO,CANCUN,77500,21.16606,-86.8435
CASAS ALEMAN 1,CIUDAD DE MEXICO,59,CASAS ALEMAN,CIUDAD DE MEXICO,07580,19.4761,-99.08157
CASAS ALEMAN 2,CIUDAD DE MEXICO,9,CASAS ALEMAN,CIUDAD DE MEXICO,07580,19.47538,-99.08891
CASTILLO DE TEAYO,CASTILLO DE TEAYO,S/N,ZONA CENTRO,CASTILLO DE TEAYO,92940,20.74914,-97.63373
CD. AZTECA,ECATEPEC,42,JARDINES DE SANTA CLARA,ECATEPEC,55420,19.54538,-99.04071
CD. GUZMAN 1,CIUDAD GUZMAN,2,CIUDAD GUZMAN CENTRO,CIUDAD GUZMAN,49000,19.70341,-103.464
CD. GUZMAN 2,CIUDAD GUZMAN,524-A,CENTRO,CIUDAD GUZMAN,49000,19.69283,-103.4677
CD. HIDALGO,SUCHIATE,2,CENTRO,SUCHIATE,30840,14.6803,-92.14971
CD. HIDALGO 2,HIDALGO,10-A,CENTRO,HIDALGO,30840,14.67826,-92.15196
CD. HIDALGO 3,SUCHIATE,9,CIUDAD HIDALGO,SUCHIATE,30840,14.68209,-92.14886
CD. LAGO,NEZAHUALCOYOTL,68,CIUDAD LAGO,NEZAHUALCOYOTL,57180,19.45629,-99.04705
CD. MADERO 2,TAMPICO,100,UNIDAD NACIONAL,TAMPICO,89410,22.27263,-97.85205
CD. MADERO 7,TAMAULIPAS,1518 PTE,DEL VALLE,TAMAULIPAS,89550,22.26225,-97.83987
CD. MADERO 8,TAMPICO,1203,ARBOL GRANDE,TAMPICO,89490,22.24,-97.84114
CELAYA 1,CELAYA,200 LOCAL1 Y 202-D,ZONA CENTRO,CELAYA,38000,20.51961,-100.812
CELAYA 10,CELAYA,204,FRACCIONAMIENTO ALAMEDA,CELAYA,38050,20.52826,-100.8113
CELAYA 2,CELAYA,210-A,CENTRO,CELAYA,38000,20.52144,-100.816
CELAYA 3,CELAYA,212,CENTRO,CELAYA,38000,20.51862,-100.8235
CELAYA 5,CELAYA,107,CELAYA CENTRO,CELAYA,38000,20.52292,-100.8144
CELAYA 6,CELAYA,125,LAS CASAS,CELAYA,38013,20.54926,-100.8459
CELAYA 7,CELAYA,1023,CENTRO,CELAYA,38000,20.51973,-100.8283
CELAYA 8,CELAYA,506 PTE,ZONA CENTRO,CELAYA,38000,20.51979,-100.8175
CELAYA 9,CELAYA,402,ZONA CENTRO,CELAYA,38000,20.52329,-100.8153
CENTRAL DE ABASTOS,CIUDAD DE MEXICO,2,CENTRAL DE ABASTO,CIUDAD DE MEXICO,09040,19.38182,-99.08376
CENTRO 11,CIUDAD DE MEXICO,101,CENTRO,CIUDAD DE MEXICO,06020,19.44225,-99.13068
CENTRO 12,CIUDAD DE MEXICO,69,CENTRO,CIUDAD DE MEXICO,06000,19.43547,-99.13546
CENTRO 13,CIUDAD DE MEXICO,39,CENTRO,CIUDAD DE MEXICO,06010,19.43715,-99.13776
CENTRO 14,CIUDAD DE MEXICO,156,CENTRO,CIUDAD DE MEXICO,06060,19.4295,-99.12909
CENTRO 2,CIUDAD DE MEXICO,17,CENTRO,CIUDAD DE MEXICO,06060,19.43047,-99.13465
CENTRO 4,CIUDAD DE MEXICO,18,CENTRO,CIUDAD DE MEXICO,06050,19.43424,-99.14213
CENTRO 6,CIUDAD DE MEXICO,51,CENTRO,CIUDAD DE MEXICO,06080,19.42765,-99.13528
CENTRO 9,CIUDAD DE MEXICO,50,CENTRO DE LA CIUDAD DE MEXICO AREA 8,CIUDAD DE MEXICO,06080,19.4268,-99.13929
CHALCO 1,CHALCO,16,CENTRO,CHALCO,56600,19.26493,-98.89893
CHAMULA,CHAMULA,S/N,CENTRO,CHAMULA,29320,16.78728,-92.69078
CHAPULTEPEC 1,CIUDAD DE MEXICO,92,ROMA,CIUDAD DE MEXICO,06040,19.42515,-99.15424
CHAPULTEPEC 2,CIUDAD DE MEXICO,473,JUAREZ,CIUDAD DE MEXICO,06600,19.42188,-99.17218
"CHERAN, MCH",CHERAN,10,BARRIO PRIMERO,CHERAN,60270,19.68779,-101.9555
CHIAPA DE CORZO,CHIAPA DE CORZO,117,CHIAPA DE CORZO CENTRO,CHIAPA DE CORZO,29160,16.70896,-93.01625
CHIAPA DE CORZO 3,CHIAPA DE CORZO,516,BARRIO BENITO JUAREZ,CHIAPA DE CORZO,29160,16.70578,-93.00654
CHICOLOAPAN,CHICOLOAPAN DE JUAREZ,LT 15,REVOLUCION,CHICOLOAPAN DE JUAREZ,56370,19.40602,-98.92611
CHIHUAHUA 12,CHIHUAHUA,2003,FRACCIONAMIENTO RIBERAS DEL SACRAMENTO IETAPA III,CHIHUAHUA,31184,28.777,-106.1678
CHIHUAHUA 13,CHIHUAHUA,6507,LAGOS,CHIHUAHUA,31100,28.67608,-106.1038
CHIHUAHUA 14,CHIHUAHUA,12307,FRANCISCO DOMINGUEZ,CHIHUAHUA,31135,28.71213,-106.0939
CHIHUAHUA 15,CHIHUAHUA,14701,CHIHUAHUA 2000-94,CHIHUAHUA,31136,28.72954,-106.1137
CHIHUAHUA 17,CHIHUAHUA,5401,COLONIA VISTA CERRO GRANDE,CHIHUAHUA,31065,28.588,-106.0334
CHIHUAHUA 20,CHIHUAHUA,15106,PUERTA NORTE,CHIHUAHUA,31125,28.71541,-106.1484
CHIHUAHUA 21,CHIHUAHUA,39,FRANCISCO VILLA,CHIHUAHUA,31134,28.69183,-106.0954
CHIHUAHUA 23,CHIHUAHUA,909,SAN FELIPE V,CHIHUAHUA,31240,28.65477,-106.0917
CHIHUAHUA 28,CHIHUAHUA,12106-D,REVOLUCION,CHIHUAHUA,31135,28.70663,-106.1107
CHIHUAHUA 3,CHIHUAHUA,9004,CAMPESINA NUEVA,CHIHUAHUA,31410,28.60072,-106.1037
CHIHUAHUA 31,CHIHUAHUA,1601,PANAMERICANA,CHIHUAHUA,31210,28.65514,-106.1121
CHIHUAHUA 32,CHIHUAHUA,20306,FRACCIONAMIENTO PARQUE INDUSTRIALIMPULSO (IV ETAPA),CHIHUAHUA,31183,28.74917,-106.1508
CHIHUAHUA 7,CHIHUAHUA,2101,CENTRO,CHIHUAHUA,31000,28.64236,-106.0718
CHIHUAHUA 8,CHIHUAHUA,5401,DALE,CHIHUAHUA,31050,28.61795,-106.0579
CHIHUAHUA 9,CHIHUAHUA,2805,CUAUHTEMOC,CHIHUAHUA,31020,28.62896,-106.0835
CHIMALHUACAN 1,CHIMALHUACAN,MZ 72,BARRIO TEJEDORES,CHIMALHUACAN,56330,19.42492,-98.96821
CHIMALHUACAN 12,CHIMALHUACAN,MZ-1-ALT-105,ACUITLAPILCO 2DA. SECCION,CHIMALHUACAN,56335,19.43929,-98.93174
CHIMALHUACAN 2,CHIMALHUACAN,MZ 473,SARAPEROS,CHIMALHUACAN,56355,19.41949,-98.98387
CINTALAPA 2,CINTALAPA,2,CINTALAPA DE FIGUEROA CENTRO,CINTALAPA,30400,16.69858,-93.72101
CINTALAPA 3,CINTALAPA,138-C,BARRIO SEGURO SOCIAL,CINTALAPA,30400,16.68913,-93.72107
CINTALAPA 4,CINTALAPA,7,CENTRO,CINTALAPA,30400,16.69797,-93.72307
CINTALAPA 5,CINTALAPA,183,BARRIO SANTA CECILIA,CINTALAPA,30400,16.69582,-93.71936
CIRCUNVALACION 1,CIUDAD DE MEXICO,34,MORELOS,CIUDAD DE MEXICO,06200,19.44095,-99.12316
CIRCUNVALACION 2,CIUDAD DE MEXICO,1009,CENTRO DE LA CIUDAD DE MEXICO AREA 9,CIUDAD DE MEXICO,06090,19.42392,-99.12599
CIRCUNVALACION 3,CIUDAD DE MEXICO,35,MORELOS,CIUDAD DE MEXICO,15270,19.44107,-99.11903
CIRCUNVALACION 4,CIUDAD DE MEXICO,41,ZONA CENTRO,CIUDAD DE MEXICO,15100,19.43712,-99.12366
COATZACOALCOS 1,COATZACOALCOS,501,CENTRO,COATZACOALCOS,96400,18.14484,-94.41766
COATZACOALCOS 2,COATZACOALCOS,2109,EMILIANO ZAPATA,COATZACOALCOS,96560,18.13917,-94.46293
COATZACOALCOS 3,COATZACOALCOS,404,CENTRO,COATZACOALCOS,96400,18.14735,-94.41588
COATZACOALCOS 5,COATZACOALCOS,304,INDEPENDENCIA,COATZACOALCOS,96556,18.12345,-94.46986
COATZACOALCOS 6,COATZACOALCOS,1301,PUERTO MEXICO,COATZACOALCOS,96510,18.15306,-94.43703
COATZACOALCOS 7,COATZACOALCOS,123,CENTRO,COATZACOALCOS,96400,18.14211,-94.42271
COATZACOALCOS 8,COATZACOALCOS,3014,GUADALUPE VICTORIA,COATZACOALCOS,96520,18.14553,-94.4569
"COMAPA 1, VER.",SIN CIUDAD,S/N,ZONA CENTRO,SIN CIUDAD,94200,19.15257,-96.8335
CORDOBA 1,CORDOBA,401,CENTRO,CORDOBA,94500,18.89354,-96.93106
CORDOBA 10,CORDOBA,202,CENTRO,CORDOBA,94500,18.8917,-96.93913
CORDOBA 11,CORDOBA,3401-C,NUEVO TOXPAN,CORDOBA,94516,18.90728,-96.9302
CORDOBA 12,CORDOBA,4103,ZONA INDUSTRIAL,CORDOBA,94690,18.88031,-96.921
CORDOBA 13,CORDOBA,334,CENTRO,CORDOBA,94500,18.89638,-96.93956
CORDOBA 14,CORDOBA,410-A,FRACCIONAMIENTO SAN NICOLAS 1RA. SECCION,CORDOBA,94540,18.90033,-96.97151
CORDOBA 15,CORDOBA,113,CENTRO,CORDOBA,94500,18.89306,-96.93379
CORDOBA 16,CORDOBA,S/N,MEXICO,CORDOBA,94690,18.90101,-96.93032
CORDOBA 17,CORDOBA,110,CENTRO,CORDOBA,94500,18.89131,-96.93102
CORDOBA 2,CORDOBA,1101,CENTRO,CORDOBA,94500,18.89211,-96.93103
CORDOBA 5,CORDOBA,510,CORDOBA CENTRO,CORDOBA,94500,18.89431,-96.93228
CORDOBA 6,CORDOBA,S/N,CORDOBA CENTRO,CORDOBA,94500,18.89563,-96.92928
CORDOBA 7,CORDOBA,1101,CORDOBA CENTRO,CORDOBA,94500,18.88819,-96.93453
CORDOBA 8,CORDOBA,1105,CORDOBA CENTRO,CORDOBA,94500,18.89363,-96.92964
CORDOBA 9,CORDOBA,117,CENTRO,CORDOBA,94500,18.8946,-96.93395
CORUÑA 1,CIUDAD DE MEXICO,255,VIADUCTO PIEDAD,CIUDAD DE MEXICO,08200,19.40098,-99.13345
CORUÑA 2,CIUDAD DE MEXICO,498,VIADUCTO PIEDAD,CIUDAD DE MEXICO,08200,19.39922,-99.13692
COSAMALOAPAN 1,COSAMALOAPAN DE CARPIO,S/N,CENTRO,COSAMALOAPAN DE CARPIO,95400,18.36512,-95.7946
COSAMALOAPAN 2,COSAMALOAPAN DE CARPIO,MZA 13,COSAMALOAPAN DE CARPIO,COSAMALOAPAN DE CARPIO,95400,18.36665,-95.79945
COSAMALOAPAN 3,COSAMALOAPAN DE CARPIO,505,COSAMALOAPAN DE CARPIO CENTRO,COSAMALOAPAN DE CARPIO,95400,18.36547,-95.79306
COSAMALOAPAN 4,COSAMALOAPAN DE CARPIO,3310,COSAMALOAPAN DE CARPIO CENTRO,COSAMALOAPAN DE CARPIO,95400,18.36463,-95.78116
COSOLEACAQUE,MINATITLAN,84,GUSTAVO DIAZ ORDAZ,MINATITLAN,96344,18.01307,-94.55581
COYOACAN 1,CIUDAD DE MEXICO,7,CENTRO COYOACAN,CIUDAD DE MEXICO,04000,19.35019,-99.16289
COYOACAN 2,CIUDAD DE MEXICO,LT 10 MZ 1,SANTA URSULA COAPA,CIUDAD DE MEXICO,04600,19.31116,-99.14925
CUAUTITLAN IZCALLI 2,CUAUTITLAN IZCALLI,MZ 48,BOSQUES DE MORELOS,CUAUTITLAN IZCALLI,54760,19.62916,-99.23085
CUAUTITLAN IZCALLI 3,CUAUTITLAN IZCALLI,S/N,CENTRO URBANO,CUAUTITLAN IZCALLI,54700,19.66936,-99.2094
"CUAUTITLAN, JALISCO",CUAUTITLAN DE GARCIA BARRAGAN,77,CENTRO,CUAUTITLAN DE GARCIA BARRAGAN,48950,19.4526,-104.3583
CUERNAVACA 1,CUERNAVACA,2,CENTRO,CUERNAVACA,62000,18.92226,-99.23535
CUERNAVACA 10,CUERNAVACA,703,VISTA HERMOSA,CUERNAVACA,62290,18.94096,-99.21513
CUERNAVACA 13,CUERNAVACA,3-A,LOMAS DE LA SELVA ORIENTE,CUERNAVACA,62253,18.94488,-99.2334
CUERNAVACA 15,CUERNAVACA,1504,CUAUHNAHUAC,CUERNAVACA,62430,18.92144,-99.20602
CUERNAVACA 3,CUERNAVACA,KM 9.8,VILLA DEL DESCANSO,CUERNAVACA,62570,18.89706,-99.16894
CUERNAVACA 5,CUERNAVACA,1602,CHIPITLAN,CUERNAVACA,62070,18.89974,-99.23107
CUERNAVACA 7,CUERNAVACA,919,BUENAVISTA,CUERNAVACA,62130,18.96089,-99.24637
CUICHAPA 1,CUICHAPA,224,CENTRO,CUICHAPA,94920,18.77273,-96.86862
"CUITLAHUAC 2, VER.",CUITLAHUAC,10,CUITLAHUAC CENTRO,CUITLAHUAC,94915,18.81319,-96.72286
"CUITLAHUAC 3, VER.",CUITLAHUAC,1501,ALTAMIRANO,CUITLAHUAC,94910,18.81083,-96.71596
CUITLAHUAC VER.,CUITLAHUAC,12,CENTRO,CUITLAHUAC,94910,18.81442,-96.72261
CULIACAN 1,CULIACAN,1638,TIERRA BLANCA,CULIACAN,80030,24.82198,-107.3963
CULIACAN 16,CULIACAN,3128,HUMAYA INFONAVIT,CULIACAN,80020,24.82009,-107.4191
CULIACAN 17,CULIACAN,6183 SUR,RENATO VEGA ALVARADO,CULIACAN,80199,24.75517,-107.3864
CULIACAN 19,CULIACAN,839 NTE,LAS QUINTAS,CULIACAN,80060,24.8146,-107.368
CULIACAN 2,CULIACAN,75,CENTRO,CULIACAN,80000,24.8089,-107.3955
CULIACAN 20,CULIACAN,4047 NORTE,VICENTE LOMBARDO TOLEDANO,CULIACAN,80010,24.85143,-107.3939
CULIACAN 21,CULIACAN,3717 PTE,HUMAYA,CULIACAN,80020,24.81095,-107.4401
CULIACAN 22,CULIACAN,3740 PTE,ESTELA ORTIZ DE TOLEDO,CULIACAN,80197,24.7623,-107.4234
CULIACAN 26,CULIACAN,3070 SUR,FRACCIONAMIENTO BUGAMBILIAS,CULIACAN,80145,24.76593,-107.4546
CULIACAN 27,CULIACAN,715,MORELOS,CULIACAN,80170,24.78922,-107.4007
CULIACAN 28,CULIACAN,8457 PTE,NUEVO BACHIGUALATO,CULIACAN,80135,24.77526,-107.4717
CULIACAN 30,CULIACAN,3489,ALTURAS DEL SUR,CULIACAN,80295,24.76193,-107.358
CULIACAN 32,CULIACAN,3007 NTE,FRACC BARCELONA,CULIACAN,80059,24.83209,-107.4325
CULIACAN 39,CULIACAN,5369,EL BARRIO,CULIACAN,80080,24.80539,-107.3362
CULIACAN 6,CULIACAN,3281,EL PALMITO,CULIACAN,80159,24.79045,-107.4269
CULIACAN 7,CULIACAN,2009,EMILIANO ZAPATA,CULIACAN,80260,24.78912,-107.3721
DEL LAGO,CIUDAD DE MEXICO,1077,DEL LAGO,CIUDAD DE MEXICO,03640,19.3794,-99.14079
DEL VALLE,CIUDAD DE MEXICO,137,DEL VALLE,CIUDAD DE MEXICO,03100,19.38616,-99.17344
DELIVERY,CIUDAD DE MEXICO,10,INDEPENDENCIA,CIUDAD DE MEXICO,03630,0.0,0.0
DIAGONAL SAN ANTONIO,CIUDAD DE MEXICO,510,NARVARTE,CIUDAD DE MEXICO,03020,19.3936,-99.16037
DIVISION DEL NORTE,CIUDAD DE MEXICO,2863,PARQUE SAN ANDRES,CIUDAD DE MEXICO,04040,19.34505,-99.14967
DIVISION DEL NORTE 2,CIUDAD DE MEXICO,LOTE 11MANZANA 2,BELISARIO DOMINGUEZ,CIUDAD DE MEXICO,14310,19.30445,-99.13221
DR. BALMIS,CIUDAD DE MEXICO,8,DOCTORES,CIUDAD DE MEXICO,06720,19.41426,-99.14442
DR. OLVERA,CIUDAD DE MEXICO,1,DOCTORES,CIUDAD DE MEXICO,06720,19.41535,-99.144
EBANO,EBANO,S/N,CENTRO,EBANO,79150,22.20947,-98.38013
EBANO 2,EBANO,114-B,TULIPANES,EBANO,79170,22.21366,-98.37535
EBANO 3,EBANO,15,20 DE NOVIEMBRE,EBANO,79161,22.21196,-98.37792
ECATEPEC 1,ECATEPEC,368,SANTA CLARA COATITLA,ECATEPEC,55540,19.53587,-99.0631
ECATEPEC 3,ECATEPEC,244,SANTA MARIA TULPETLAC,ECATEPEC,55400,19.56816,-99.044
"ECUANDUREO, MICH.",ECUANDUREO,54,CENTRO,ECUANDUREO,59730,20.16215,-102.1947
EJE CENTRAL 1,CIUDAD DE MEXICO,2,CENTRO,CIUDAD DE MEXICO,06000,19.43793,-99.14014
EJE CENTRAL 2,CIUDAD DE MEXICO,14,OBRERA,CIUDAD DE MEXICO,06800,19.42168,-99.14297
EJE CENTRAL 3,CIUDAD DE MEXICO,13,CENTRO,CIUDAD DE MEXICO,06050,19.43288,-99.14134
EJE CENTRAL 7,CIUDAD DE MEXICO,4907,MAGDALENA DE LAS SALINAS,CIUDAD DE MEXICO,07760,19.48017,-99.14021
EL HIGO,EL HIGO,22,EL HIGO CENTRO,EL HIGO,92400,21.76862,-98.45195
EL HIGO 2,EL HIGO,37,ZONA CENTRO,EL HIGO,92400,21.76833,-98.45331
EL OLIVO,HUIXQUILUCAN,MZ 8,EL OLIVO,HUIXQUILUCAN,52789,19.38634,-99.27757
ERMITA 1,CIUDAD DE MEXICO,4012,SANTA MARIA AZTAHUACAN,CIUDAD DE MEXICO,09500,19.34496,-99.02493
ERMITA 2,CIUDAD DE MEXICO,72,PORTALES,CIUDAD DE MEXICO,03580,19.35975,-99.13991
ERMITA 3,CIUDAD DE MEXICO,447,PRADO CHURUBUSCO,CIUDAD DE MEXICO,04230,19.35759,-99.12252
ERMITA 4,CIUDAD DE MEXICO,334,CACAMA,CIUDAD DE MEXICO,09080,19.35842,-99.12813
ERMITA 5,CIUDAD DE MEXICO,238,SINATEL,CIUDAD DE MEXICO,09470,19.35909,-99.13362
ESCANDON,CIUDAD DE MEXICO,92,ESCANDON,CIUDAD DE MEXICO,11800,19.40252,-99.17823
ESCANDON 2,CIUDAD DE MEXICO,63,ESCANDON II SECCION,CIUDAD DE MEXICO,11800,19.40141,-99.17538
FELIX CUEVAS,CIUDAD DE MEXICO,209,DEL VALLE CENTRO,CIUDAD DE MEXICO,03100,19.37304,-99.17658
FORTIN 1,FORTIN,211,CENTRO,FORTIN,94470,18.89849,-96.9987
FORTIN 2,FORTIN,102,CENTRO,FORTIN,94470,18.89995,-96.99765
FRAY SERVANDO,CIUDAD DE MEXICO,38,DOCTORES,CIUDAD DE MEXICO,06720,19.42463,-99.14334
GARIBALDI,CIUDAD DE MEXICO,8A 14,CENTRO,CIUDAD DE MEXICO,06010,19.44088,-99.13756
GENERAL ANAYA,CIUDAD DE MEXICO,1713,SAN DIEGO CHURUBUSCO,CIUDAD DE MEXICO,04120,19.35404,-99.1451
"GENOVA, CUAUHTEMOC",CIUDAD DE MEXICO,65,JUAREZ,CIUDAD DE MEXICO,06600,19.42582,-99.1639
GUADALAJARA 1,GUADALAJARA,385,SECTOR JUAREZ,GUADALAJARA,44100,20.67433,-103.3486
GUADALAJARA 10,GUADALAJARA,560,SANTA TERESITA,GUADALAJARA,44600,20.68519,-103.368
GUADALAJARA 100,GUADALAJARA,1570,PASEOS DE SANTIAGO,GUADALAJARA,45410,20.66584,-103.2148
GUADALAJARA 101,GUADALAJARA,730,MODERNA,GUADALAJARA,44190,20.66569,-103.3596
GUADALAJARA 102,GUADALAJARA,102,GUADALAJARA CENTRO,GUADALAJARA,44100,20.67537,-103.3441
GUADALAJARA 103,GUADALAJARA,6,ECHEVERRIA,GUADALAJARA,44970,20.62689,-103.361
GUADALAJARA 104,GUADALAJARA,2989,LOMAS PROVIDENCIA,GUADALAJARA,44647,20.69759,-103.387
GUADALAJARA 105,ZAPOPAN,771,ARCOS DE GUADALUPE,ZAPOPAN,45037,20.66185,-103.4306
GUADALAJARA 106,GUADALAJARA,3069,BETHEL,GUADALAJARA,44720,20.69405,-103.273
GUADALAJARA 107,GUADALAJARA,994,GUADALAJARA CENTRO,GUADALAJARA,44100,20.67942,-103.3603
GUADALAJARA 108,GUADALAJARA,105,SECTOR JUAREZ,GUADALAJARA,44770,20.67089,-103.3464
GUADALAJARA 109,GUADALAJARA,8,GUADALAJARA CENTRO,GUADALAJARA,44100,20.67648,-103.3475
GUADALAJARA 11,GUADALAJARA,2421,OBLATOS,GUADALAJARA,44700,20.69481,-103.296
GUADALAJARA 110,GUADALAJARA,2003,LOMAS DEL PARADERO,GUADALAJARA,44840,20.64892,-103.3188
GUADALAJARA 111,TLAJOMULCO DE ZUÑIGA,5501,UNION DEL CUATRO,TLAJOMULCO DE ZUÑIGA,45654,20.52967,-103.3476
GUADALAJARA 112,ZAPOPAN,509,FRACCIONAMIENTO SAN FRANCISCO,ZAPOPAN,45140,20.72509,-103.4002
GUADALAJARA 113,GUADALAJARA,45,CIUDAD GRANJA,GUADALAJARA,45010,20.68267,-103.4447
GUADALAJARA 114,GUADALAJARA,2347,OBLATOS,GUADALAJARA,44716,20.68969,-103.2992
GUADALAJARA 115,ZAPOPAN,2001,EL TIGRE,ZAPOPAN,45134,20.74989,-103.4204
GUADALAJARA 116,JALISCO,2109,FRACCIONAMIENTO PASEOS DEL SOL,JALISCO,45079,20.63167,-103.4359
GUADALAJARA 117,GUADALAJARA,"5054,FRACCION 3",FRACCIONAMIENTO VALLE ESMERALDA,GUADALAJARA,45138,20.7306,-103.4433
GUADALAJARA 118,GUADALAJARA,14 LOCAL 9,CIUDAD GRANJA,GUADALAJARA,45010,20.68274,-103.4456
GUADALAJARA 119,TLAJOMULCO DE ZUÑIGA,3513,FRACC REAL DEL VALLE,TLAJOMULCO DE ZUÑIGA,45654,20.55446,-103.3627
GUADALAJARA 12,GUADALAJARA,3284,CUAUHTEMOC,GUADALAJARA,44750,20.6793,-103.288
GUADALAJARA 13,GUADALAJARA,1554,MONUMENTAL,GUADALAJARA,44320,20.67446,-103.314
GUADALAJARA 14,GUADALAJARA,1968,FERROCARRIL,GUADALAJARA,44440,20.64439,-103.3498
GUADALAJARA 15,GUADALAJARA,452,SAN RAFAEL,GUADALAJARA,44810,20.65273,-103.3001
GUADALAJARA 16,GUADALAJARA,221,BARRAGAN Y HERNANDEZ,GUADALAJARA,44469,20.67175,-103.3435
GUADALAJARA 17,GUADALAJARA,1843,LAFAYETTE,GUADALAJARA,44100,20.6743,-103.3736
GUADALAJARA 18,GUADALAJARA,400,ZONA CENTRO,GUADALAJARA,44100,20.67893,-103.3474
GUADALAJARA 19,GUADALAJARA,113,ZONA CENTRO,GUADALAJARA,44100,20.67825,-103.3499
GUADALAJARA 2,GUADALAJARA,2301,SECTOR LIBERTAD,GUADALAJARA,44700,20.70451,-103.293
GUADALAJARA 20,GUADALAJARA,702,SANTA CECILIA,GUADALAJARA,44700,20.68301,-103.3269
GUADALAJARA 21,GUADALAJARA,3094,LIBERTAD,GUADALAJARA,44750,20.67232,-103.2922
GUADALAJARA 22,GUADALAJARA,25,VILLAS DE ORIENTE,GUADALAJARA,44720,20.63892,-103.2782
GUADALAJARA 24,GUADALAJARA,7734,LOMA DORADA,GUADALAJARA,45418,20.63139,-103.2657
GUADALAJARA 25,GUADALAJARA,3019,SAN JOSE RIO VERDE,GUADALAJARA,44726,20.6933,-103.2799
GUADALAJARA 26,GUADALAJARA,607,SAN JOAQUIN,GUADALAJARA,44770,20.67046,-103.2757
GUADALAJARA 27,GUADALAJARA,1436,SAN ANTONIO,GUADALAJARA,44800,20.66203,-103.3186
GUADALAJARA 28,GUADALAJARA,668,ANALCO,GUADALAJARA,44450,20.66687,-103.3352
GUADALAJARA 29,GUADALAJARA,595 Y 597,CENTRO,GUADALAJARA,44100,20.67493,-103.3524
GUADALAJARA 3,GUADALAJARA,201,SECTOR LIBERTAD,GUADALAJARA,44700,20.67558,-103.3372
GUADALAJARA 30,GUADALAJARA,3090,5 DE MAYO,GUADALAJARA,44940,20.62564,-103.348
GUADALAJARA 31,GUADALAJARA,1150,MIRADOR DEL SOL,GUADALAJARA,45054,20.65412,-103.4237
GUADALAJARA 32,TLAJOMULCO DE ZUÑIGA,120-A Y120-B,FRACCIONAMIENTO CHULAVISTA,TLAJOMULCO DE ZUÑIGA,45653,20.51216,-103.3661
GUADALAJARA 33,GUADALAJARA,28,PLAZA GUADALUPE,GUADALAJARA,45030,20.65449,-103.4324
GUADALAJARA 36,GUADALAJARA,1979,ATLAS,GUADALAJARA,44870,20.64443,-103.3277
GUADALAJARA 37,GUADALAJARA,60,PARQUES DE TESISTAN,GUADALAJARA,45200,20.79915,-103.478
GUADALAJARA 39,GUADALAJARA,3641,VILLAS DEL NILO,GUADALAJARA,44824,20.64466,-103.2862
GUADALAJARA 4,TLAQUEPAQUE,9,SAN PEDRO TLAQUEPAQUE,TLAQUEPAQUE,45500,20.63904,-103.3106
GUADALAJARA 40,GUADALAJARA,945,5 DE MAYO,GUADALAJARA,44970,20.62097,-103.3599
GUADALAJARA 41,GUADALAJARA,2581,CRUZ DEL SUR,GUADALAJARA,44950,20.64584,-103.3817
GUADALAJARA 44,GUADALAJARA,1700,BELISARIO DOMINGUEZ,GUADALAJARA,44320,20.69546,-103.3222
GUADALAJARA 45,GUADALAJARA,1872,DEL SUR,GUADALAJARA,44920,20.65063,-103.3713
GUADALAJARA 47,GUADALAJARA,156,CENTRO,GUADALAJARA,45100,20.72209,-103.3928
GUADALAJARA 48,TLAQUEPAQUE,3117,LOMAS DE LA VICTORIA,TLAQUEPAQUE,45607,20.63536,-103.3978
GUADALAJARA 5,GUADALAJARA,30,CENTRO,GUADALAJARA,45100,20.72322,-103.3908
GUADALAJARA 50,GUADALAJARA,427,BELISARIO DOMINGUEZ,GUADALAJARA,44320,20.7049,-103.3172
GUADALAJARA 51,GUADALAJARA,2159,LA LOMA,GUADALAJARA,44410,20.65223,-103.3119
GUADALAJARA 54,TLAQUEPAQUE,3223,FRACCIONAMIENTO REVOLUCION,TLAQUEPAQUE,45580,20.62135,-103.3208
GUADALAJARA 55,GUADALAJARA,1295-2,CIUDAD GRANJA,GUADALAJARA,45010,20.67609,-103.4491
GUADALAJARA 56,GUADALAJARA,1317 Y1317 A,GIRASOLES ACUEDUCTO,GUADALAJARA,45138,20.74447,-103.4227
GUADALAJARA 57,TLAQUEPAQUE,16,SAN MARTIN DE LAS FLORES DE ABAJO,TLAQUEPAQUE,45629,20.60002,-103.284
GUADALAJARA 58,TLAQUEPAQUE,720-A,ALAMO,TLAQUEPAQUE,45560,20.62768,-103.3207
GUADALAJARA 6,GUADALAJARA,1298,SECTOR JUAREZ,GUADALAJARA,44100,20.64785,-103.3613
GUADALAJARA 60,GUADALAJARA,2392,COYULA,GUADALAJARA,45410,20.66856,-103.2341
GUADALAJARA 61,GUADALAJARA,1113,QUINTA VELARDE,GUADALAJARA,44430,20.65034,-103.3357
GUADALAJARA 63,GUADALAJARA,5880-A,EJIDO COPALITA,GUADALAJARA,45200,20.8288,-103.4506
GUADALAJARA 64,EL SALTO,43,SAN JOSE DEL QUINCE,EL SALTO,45696,20.54168,-103.2894
GUADALAJARA 65,GUADALAJARA,1926,SAN ANDRES,GUADALAJARA,44810,20.66503,-103.3055
GUADALAJARA 66,GUADALAJARA,1029,BLANCO Y CUELLAR,GUADALAJARA,44730,20.67879,-103.2995
GUADALAJARA 67,GUADALAJARA,103,ARENALES TAPATIOS,GUADALAJARA,45066,20.6355,-103.4631
GUADALAJARA 68,GUADALAJARA,285,JALISCO PRIMERA SECCION,GUADALAJARA,45412,20.67748,-103.2574
GUADALAJARA 7,GUADALAJARA,202,OBLATOS,GUADALAJARA,44700,20.67308,-103.3236
GUADALAJARA 70,GUADALAJARA,2134-A,LAS AGUILAS,GUADALAJARA,45080,20.62782,-103.4173
GUADALAJARA 72,GUADALAJARA,1801,SAN JUAN BOSCO,GUADALAJARA,44730,20.6764,-103.3123
GUADALAJARA 73,TLAQUEPAQUE,1140,FRACCIONAMIENTO LA SOLEDAD RESIDENCIAL,TLAQUEPAQUE,45525,20.63669,-103.2841
GUADALAJARA 74,GUADALAJARA,2803,LOMAS DE INDEPENDENCIA,GUADALAJARA,44240,20.71312,-103.3216
GUADALAJARA 75,TONALA,816,PRADOS COYULA,TONALA,45410,20.65179,-103.2276
GUADALAJARA 76,GUADALAJARA,3274,LIBERTAD,GUADALAJARA,44750,20.67217,-103.2882
GUADALAJARA 77,GUADALAJARA,1048,ORO,GUADALAJARA,44730,20.66894,-103.3222
GUADALAJARA 78,GUADALAJARA,5971,FRACCIONAMIENTO COLLI URBANO,GUADALAJARA,45070,20.64359,-103.4331
GUADALAJARA 79,GUADALAJARA,3136 Y3138,JARDINES EL SAUZ,GUADALAJARA,44987,20.62406,-103.3951
GUADALAJARA 8,GUADALAJARA,1543,SANTA MARGARITA,GUADALAJARA,45140,20.73044,-103.4036
GUADALAJARA 80,GUADALAJARA,2500,BOSQUES DE LA VICTORIA,GUADALAJARA,44540,20.64704,-103.3862
GUADALAJARA 81,GUADALAJARA,40,TLAQUEPAQUE CENTRO,GUADALAJARA,45500,20.63988,-103.3114
GUADALAJARA 82,GUADALAJARA,163,PRADOS VALLARTA,GUADALAJARA,45020,20.67369,-103.4165
GUADALAJARA 83,GUADALAJARA,3838 Y3834,BALCONES DE SANTA MARIA,GUADALAJARA,45530,20.6121,-103.3948
GUADALAJARA 84,GUADALAJARA,1536,SANTA TERESITA,GUADALAJARA,44600,20.6843,-103.3691
GUADALAJARA 85,GUADALAJARA,3750,SAN JOAQUIN,GUADALAJARA,44770,20.67034,-103.2793
GUADALAJARA 86,GUADALAJARA,587,VILLA LA,GUADALAJARA,45100,20.72826,-103.3907
GUADALAJARA 87,ZAPOPAN,2765,FRACCIONAMIENTO MISION LA FLORESTA,ZAPOPAN,45066,20.62678,-103.4659
GUADALAJARA 88,ZAPOPAN,413,NUEVO MEXICO,ZAPOPAN,45138,20.76601,-103.4467
GUADALAJARA 89,TLAJOMULCO DE ZUÑIGA,1518,NUEVA GALICIA,TLAJOMULCO DE ZUÑIGA,45645,20.5752,-103.4418
GUADALAJARA 9,GUADALAJARA,422,LA PERLA,GUADALAJARA,44360,20.68158,-103.3381
GUADALAJARA 90,GUADALAJARA,1014,LA CIMA,GUADALAJARA,45134,20.75323,-103.4117
GUADALAJARA 91,GUADALAJARA,2718,JARDINES DEL BOSQUE CENTRO,GUADALAJARA,44520,20.66694,-103.3849
GUADALAJARA 92,GUADALAJARA,L-50,TIERRA RESIDENCIAL,GUADALAJARA,45200,20.80117,-103.47
GUADALAJARA 93,GUADALAJARA,1469,LOMAS DEL COUNTRY,GUADALAJARA,44610,20.7048,-103.3647
GUADALAJARA 94,GUADALAJARA,303,SANTA MARGARITA,GUADALAJARA,45140,20.7305,-103.4164
GUADALAJARA 95,TLAQUEPAQUE,248,TLAQUEPAQUE CENTRO,TLAQUEPAQUE,45500,20.63852,-103.3148
GUADALAJARA 96,GUADALAJARA,3187,OBLATOS,GUADALAJARA,44700,20.70283,-103.2837
GUADALAJARA 97,TLAQUEPAQUE,1319,LAS HUERTAS,TLAQUEPAQUE,45589,20.61401,-103.3036
GUADALAJARA 98,TLAQUEPAQUE,96,LOS ALTOS,TLAQUEPAQUE,45520,20.63838,-103.3003
GUADALAJARA 99,GUADALAJARA,586,LA GRANA,GUADALAJARA,45180,20.74603,-103.3853
GUSTAVO BAZ,NAUCALPAN,253,HACIENDA DE ECHEGARAY,NAUCALPAN,53300,19.49494,-99.22725
HACIENDA MARGARITAS,MONTERREY,560,HACIENDA LAS MARGARITAS IV,MONTERREY,66647,25.70989,-100.1578
HAMBURGO 1,CIUDAD DE MEXICO,206,JUAREZ,CIUDAD DE MEXICO,06600,19.42432,-99.16865
"HIDALGOTITLAN, VER",HIDALGOTITLAN,S/N,HIDALGOTITLAN,HIDALGOTITLAN,96930,17.77256,-94.64722
HIPODROMO 1,CIUDAD DE MEXICO,236,HIPODROMO,CIUDAD DE MEXICO,06100,19.40681,-99.17873
HUATUSCO,HUATUSCO,413,CENTRO,HUATUSCO,94100,19.15128,-96.96515
HUATUSCO 2,HUATUSCO,S/N,CENTRO,HUATUSCO,94100,19.1502,-96.96268
HUATUSCO 3,HUATUSCO,S/N,ZONA CENTRO,HUATUSCO,94100,19.14781,-96.96797
HUATUSCO 4,HUATUSCO,4,RESERVA TERRITORIAL,HUATUSCO,94106,19.14161,-96.97579
"HUEHUETAN 2, CHIAPAS",HUEHUETAN,6,BARRIO SANTO DOMINGO,HUEHUETAN,30660,15.01916,-92.38438
HUEHUETAN CHIAPAS,HUEHUETAN,S/N,HUEHUETAN,HUEHUETAN,30670,15.0111,-92.40388
"HUEJUQUILLA 1, JAL.",HUEJUQUILLA EL ALTO,8,HUEJUQUILLA EL ALTO CENTRO,HUEJUQUILLA EL ALTO,46000,22.62782,-103.8978
HUETAMO 4,HUETAMO,34,HUETAMO DE NUÑEZ CENTRO,HUETAMO,61940,18.6275,-100.8972
HUIXTLA 1,HUIXTLA,8,CENTRO,HUIXTLA,30640,15.13763,-92.46322
HUIXTLA 2,HUIXTLA,11,CENTRO,HUIXTLA,30640,15.13871,-92.46568
HUIXTLA 3,HUIXTLA,57,CENTRO,HUIXTLA,30640,15.1431,-92.4633
HUIXTLA 5,HUIXTLA,S/N,HUIXTLA CENTRO,HUIXTLA,30640,15.13888,-92.46469
INDEPENDENCIA,CIUDAD DE MEXICO,44,INDEPENDENCIA,CIUDAD DE MEXICO,03630,19.37814,-99.14242
INSURGENTES 2,CIUDAD DE MEXICO,6,ROMA NORTE,CIUDAD DE MEXICO,06700,19.42153,-99.16377
INSURGENTES 3,CIUDAD DE MEXICO,402,ROMA SUR,CIUDAD DE MEXICO,06760,19.40883,-99.16742
INSURGENTES 4,CIUDAD DE MEXICO,2375,BARRIO LORETO,CIUDAD DE MEXICO,01090,19.34181,-99.18996
INSURGENTES 5,CIUDAD DE MEXICO,163,ROMA,CIUDAD DE MEXICO,06700,19.42245,-99.16257
INSURGENTES 6,CIUDAD DE MEXICO,520,ROMA SUR,CIUDAD DE MEXICO,06760,19.40244,-99.16948
INSURGENTES 7,CIUDAD DE MEXICO,1210,CAPULTITLAN,CIUDAD DE MEXICO,07370,19.47665,-99.13345
INSURGENTES 8,CIUDAD DE MEXICO,327,HIPODROMO,CIUDAD DE MEXICO,06100,19.41311,-99.16637
INSURGENTES 9,CIUDAD DE MEXICO,275,ROMA NORTE,CIUDAD DE MEXICO,06700,19.41625,-99.16534
IRAPUATO 1,IRAPUATO,79,ZONA CENTRO,IRAPUATO,36500,20.67309,-101.3445
IRAPUATO 10,IRAPUATO,331Y331-B,IRAPUATO CENTRO,IRAPUATO,36500,20.6758,-101.3459
IRAPUATO 12,IRAPUATO,96 Y 104,IRAPUATO CENTRO,IRAPUATO,36500,20.6731,-101.348
IRAPUATO 14,IRAPUATO,761,FLORESTA,IRAPUATO,36584,20.64436,-101.3378
IRAPUATO 15,IRAPUATO,12100,UNIDAD HABITACIONAL LABORATORIO C.F.E.,IRAPUATO,36631,20.69793,-101.3438
IRAPUATO 16,IRAPUATO,311,PURISIMA DEL JARDIN,IRAPUATO,36555,20.64322,-101.3859
IRAPUATO 17,IRAPUATO,242,LOS REYES,IRAPUATO,36570,20.66242,-101.3514
IRAPUATO 18,IRAPUATO,918,INSURGENTES,IRAPUATO,36583,20.66573,-101.3372
IRAPUATO 19,IRAPUATO,326-B,ALVARO OBREGON,IRAPUATO,36530,20.67343,-101.3595
IRAPUATO 2,IRAPUATO,615,CENTRO,IRAPUATO,36500,20.67769,-101.3496
IRAPUATO 3,IRAPUATO,1314,SOLIDARIDAD,IRAPUATO,36570,20.65946,-101.3501
IRAPUATO 4,IRAPUATO,1710,MIGUEL HIDALGO,IRAPUATO,36550,20.67276,-101.3645
IRAPUATO 5,IRAPUATO,MZ4 LT1A4,INDEPENDENCIA,IRAPUATO,36559,20.676,-101.3418
ISLA 1,ISLA,S/N,CENTRO,ISLA,95640,18.02513,-95.5302
ISLA 2,ISLA,599,ISLA CENTRO,ISLA,95640,18.03085,-95.52974
ISLA 3,ISLA,S/N,ISLA CENTRO,ISLA,95640,18.03025,-95.52429
IXTAPALUCA 1,IXTAPALUCA,MZ 8,LOS HEROES,IXTAPALUCA,56585,19.32496,-98.87498
IXTAPALUCA 2,IXTAPALUCA,MZ 8 LT 10,SANTA BARBARA,IXTAPALUCA,56538,19.30062,-98.8964
IXTAPALUCA 6,IXTAPALUCA,MZ 136,LOMA BONITA AMPLIACION,IXTAPALUCA,56563,19.31013,-98.91994
IXTAPALUCA 8,IXTAPALUCA,5503,TLALPIZAHUAC CENTRO,IXTAPALUCA,56576,19.32733,-98.94692
IZAZAGA,CIUDAD DE MEXICO,75,CENTRO,CIUDAD DE MEXICO,06080,19.42619,-99.13769
IZTACALCO 2,CIUDAD DE MEXICO,227,AGRICOLA ORIENTAL,CIUDAD DE MEXICO,08500,19.39523,-99.07623
IZTACALCO 3,CIUDAD DE MEXICO,3,INFONAVIT IZTACALCO,CIUDAD DE MEXICO,08900,19.3836,-99.10693
IZTACALCO 4,CIUDAD DE MEXICO,159,JARDINES TECMA,CIUDAD DE MEXICO,08920,19.38851,-99.11565
IZTACALCO 5,CIUDAD DE MEXICO,860,AMPLICACION GABRIEL RAMOS MILLAN,CIUDAD DE MEXICO,08020,19.3846,-99.09431
IZTAPALAPA 1,CIUDAD DE MEXICO,MZ 185,2DA. AMPLIACION DE SANTIAGO ACAHUALTEPEC,CIUDAD DE MEXICO,09609,19.34932,-99.01157
IZTAPALAPA 6,CIUDAD DE MEXICO,2613,SANTA MARTHA ACATITLA SUR,CIUDAD DE MEXICO,09530,19.37315,-99.01753
IZTAPALAPA 9,CIUDAD DE MEXICO,L-1,XALPA,CIUDAD DE MEXICO,09640,19.34494,-99.01403
JALTIPAN 2,JALTIPAN,219,JALTIPAN DE MORELOS CENTRO,JALTIPAN,96200,17.96487,-94.71848
JALTIPAN 3,JALTIPAN,707-A,CENTRO,JALTIPAN,96200,17.96219,-94.71722
JAMAICA,CIUDAD DE MEXICO,103,ARTES GRAFICAS,CIUDAD DE MEXICO,15830,19.40914,-99.12341
"JAMAPA 1, VER",JAMAPA,S/N,JAMAPA,JAMAPA,94260,19.03994,-96.24133
JAMAY 1,JAMAY,258,CENTRO,JAMAY,47900,20.29104,-102.7067
JARDIN BALBUENA,CIUDAD DE MEXICO,854,JARDIN BALBUENA,CIUDAD DE MEXICO,15900,19.4187,-99.10632
JARDIN BALBUENA 2,CIUDAD DE MEXICO,14,JARDIN BALBUENA,CIUDAD DE MEXICO,15900,19.42633,-99.11112
"JIQUILPAN 2, MCH",JIQUILPAN,10,JIQUILPAN DE JUAREZ CENTRO,JIQUILPAN,59510,19.99151,-102.7184
"JIQUILPAN, MCH",JIQUILPAN,114,JIQUILPAN DE JUAREZ CENTRO,JIQUILPAN,59510,19.99021,-102.7194
JIQUIPILAS 1,JIQUIPILAS,S/N,CENTRO,JIQUIPILAS,30430,16.66798,-93.65067
"JORGE NEGRETE, GUSTAVO A MADERO",CIUDAD DE MEXICO,S/N,JORGE NEGRETE,CIUDAD DE MEXICO,07280,19.52711,-99.14433
JOSE A COALLA (ABASTOS),MEXICO,540,CENTRAL DE ABASTO,MEXICO,09040,0.0,0.0
"JUAN GONZALEZ ROMERO, GUSTAVO A MADERO",CIUDAD DE MEXICO,13,JUAN GONZALEZ ROMERO,CIUDAD DE MEXICO,07410,19.50697,-99.09018
JUAREZ NUEVO LEON,JUAREZ,102,HEROE DE NACOZARI,JUAREZ,67288,25.63703,-100.179
JUAREZ NUEVO LEON 2,JUAREZ,L154 M134,FRACCIONAMIENTO DE LA CIUDADELA SECTORREAL DE SAN JOSE 3ERA ETAPA,JUAREZ,67262,25.6501,-100.0844
JUAREZ NUEVO LEON 3,JUAREZ,399,LOS COMETAS,JUAREZ,67280,25.61012,-100.1533
JUAREZ NUEVO LEON 4,JUAREZ,L2,PORTAL DE VAQUERIAS,JUAREZ,67280,25.63795,-100.1475
"JUCHIQUE DE FERRER, VER",JUCHIQUE DE FERRER,S/N,JUCHIQUE DE FERRER,JUCHIQUE DE FERRER,91440,19.84149,-96.69436
"LA MAGDALENA, EDO DE MEX.",LOS REYES ACAQUILPAN (LA PAZ),20,LA MAGDALENA ATLICPAC,LOS REYES ACAQUILPAN (LA PAZ),56525,19.3675,-98.9488
LA RAZA,CIUDAD DE MEXICO,14,LA RAZA,CIUDAD DE MEXICO,02990,19.46497,-99.14594
LA VIGA,CIUDAD DE MEXICO,1852,MEXICALTZINGO,CIUDAD DE MEXICO,09099,19.35817,-99.12169
LA VILLA,CIUDAD DE MEXICO,10,TEPEYAC INSURGENTES,CIUDAD DE MEXICO,07020,19.48547,-99.11932
"LAS VIGAS DE RAMIREZ, VER.",LAS VIGAS DE RAMIREZ,17,BARRIO DE DOLORES,LAS VIGAS DE RAMIREZ,91330,19.63766,-97.09545
LEON 10,LEON,212,EL CORTIJO,LEON,37250,21.1358,-101.6622
LEON 11,LEON,239,SAN MIGUEL,LEON,37530,21.10254,-101.6864
LEON 12,LEON,1807,MODERNA,LEON,37328,21.13584,-101.6874
LEON 13,LEON,1302,GUADALUPE,LEON,37380,21.10937,-101.6888
LEON 14,LEON,2004,SANTA CLARA,LEON,37470,21.10036,-101.6729
LEON 15,LEON,117,CENTRO,LEON,37000,21.11926,-101.6822
LEON 16,LEON,1230,HIDALGO,LEON,37220,21.14538,-101.6725
LEON 17,LEON,4802,JARDINES DE JEREZ,LEON,37530,21.10359,-101.6399
LEON 18,LEON,4203,AZTECAS,LEON,37520,21.10109,-101.6481
LEON 19,LEON,214,INDUSTRIAL,LEON,37340,21.13255,-101.6924
LEON 20,LEON,153,OBRERA,LEON,37340,21.12451,-101.6861
LEON 21,LEON,104,CENTRO,LEON,37000,21.12151,-101.6809
LEON 22,LEON,2807-A,EJIDO LA JOYA,LEON,37358,21.13516,-101.7222
LEON 23,LEON,1611,EL TLACUACHE,LEON,37500,21.09802,-101.6593
LEON 24,LEON,126,BRISAS DEL CAMPO,LEON,37297,21.11193,-101.6158
LEON 25,LEON,408,FRACCIONAMIENTO CUMBRES DE LA GLORIA IV,LEON,37433,21.08919,-101.7626
LEON 4,LEON,6102,JARDINES DE JEREZ,LEON,37530,21.09762,-101.6451
LEON 5,LEON,2503,REAL PROVIDENCIA,LEON,37234,21.13318,-101.659
LEON 6,LEON,3202,KENNEDY,LEON,37410,21.1173,-101.7062
LEON 7,LEON,14,COECILLO,LEON,37260,21.12035,-101.6625
LEON 8,LEON,1438,COECILLO,LEON,37260,21.12893,-101.6685
LEON 9,LEON,2702,SAN FELIPE DE JESUS,LEON,37250,21.12979,-101.6535
LOMAS ESTRELLA,CIUDAD DE MEXICO,4546,GRANJAS ESTRELLA,CIUDAD DE MEXICO,09880,19.3219,-99.09287
LOPEZ,CIUDAD DE MEXICO,163,CENTRO,CIUDAD DE MEXICO,06070,19.42758,-99.14305
LORENZO BOTURINI,CIUDAD DE MEXICO,1703,24 DE ABRIL,CIUDAD DE MEXICO,15980,19.41664,-99.11661
"LOS REYES 2, MCH",LOS REYES,S/N,JARDIN,LOS REYES,60350,19.59448,-102.4764
"LOS REYES 3, MCH",LOS REYES,S/N,LOS REYES DE SALGADO CENTRO,LOS REYES,60300,19.5904,-102.4742
"LOS REYES 4, MCH",LOS REYES,108,CENTRO,LOS REYES,60300,19.58524,-102.4749
"LOS REYES 5, MCH",LOS REYES DE SALGADO,39,CENTRO,LOS REYES DE SALGADO,60300,19.59359,-102.4718
"LOS REYES, MCH",LOS REYES,63 SUR,LOS REYES DE SALGADO CENTRO,LOS REYES,60300,19.58813,-102.4736
MANLIO FABIO ALTAMIRANO 1,MANLIO FABIO ALTAMIRANO,S/N,MANLIO FABIO ALTAMIRANO,MANLIO FABIO ALTAMIRANO,94250,19.09702,-96.33482
MARIANO ESCOBEDO,CIUDAD DE MEXICO,164,ANAHUAC,CIUDAD DE MEXICO,11320,19.44521,-99.18269
MARIANO ESCOBEDO 2,CIUDAD DE MEXICO,373,POLANCO V SECCION,CIUDAD DE MEXICO,11560,19.43581,-99.18309
MATEHUALA 1,MATEHUALA,116,CENTRO,MATEHUALA,78700,23.64544,-100.6451
MATEHUALA 2,MATEHUALA,411,MATEHUALA CENTRO,MATEHUALA,78700,23.64752,-100.6437
MATEHUALA 3,MATEHUALA,523,MATEHUALA CENTRO,MATEHUALA,78700,23.64546,-100.6431
MATEHUALA 4,MATEHUALA,204-D NTE,MATEHUALA CENTRO,MATEHUALA,78700,23.65588,-100.6432
MATEHUALA 6,MATEHUALA,1037-C,ALTAMIRA,MATEHUALA,78797,23.63793,-100.6404
MATEHUALA 7,MATEHUALA,816,LAS HADAS,MATEHUALA,78783,23.64713,-100.656
MATEHUALA 8,MATEHUALA,1212-A,RIVAS GUILLEN,MATEHUALA,78780,23.64136,-100.6498
MATEHUALA 9,MATEHUALA,300-A,ARBOLEDAS,MATEHUALA,78760,23.65903,-100.6375
MATLAPA 1,MATLAPA,8,CENTRO,MATLAPA,79970,21.33879,-98.82873
MERCED,CIUDAD DE MEXICO,4,CENTRO,CIUDAD DE MEXICO,15100,19.42908,-99.12498
MERCED 2,CIUDAD DE MEXICO,425,MERCED BALBUENA,CIUDAD DE MEXICO,15810,19.42246,-99.12363
MINATITLAN 1,MINATITLAN,115,CENTRO,MINATITLAN,96700,17.98577,-94.54503
MINATITLAN 10,MINATITLAN,110,BOHEMIA,MINATITLAN,96736,17.99124,-94.55815
MINATITLAN 11,MINATITLAN,4,NUEVA TACOTENO,MINATITLAN,96735,17.99363,-94.54668
MINATITLAN 2,MINATITLAN,9,PLAYON SUR,MINATITLAN,96757,17.98003,-94.54378
MINATITLAN 3,MINATITLAN,71,SANTA CLARA,MINATITLAN,96730,17.99236,-94.55246
MINATITLAN 4,MINATITLAN,76,PALMAR,MINATITLAN,96790,17.9877,-94.55197
MINATITLAN 5,MINATITLAN,109,EJIDO TACOTENO,MINATITLAN,96870,18.00149,-94.52882
MINATITLAN 6,MINATITLAN,10,7 DE MAYO,MINATITLAN,96344,18.00881,-94.55124
MINATITLAN 7,MINATITLAN,41,MINATITLAN CENTRO,MINATITLAN,96700,17.98432,-94.54523
MINATITLAN 8,MINATITLAN,12,OBRERA,MINATITLAN,96740,17.99208,-94.53201
MINATITLAN 9,MINATITLAN,LOTE 9MANZANA 5,MIGUEL HIDALGO,MINATITLAN,96770,17.9814,-94.56896
MINI BODEGA ALVARO OBREGON,CIUDAD DE MEXICO,77,LAS AGUILAS,CIUDAD DE MEXICO,01710,19.35951,-99.20299
MINI BODEGA BENITO JUAREZ,CIUDAD DE MEXICO,997,DEL VALLE CENTRO,CIUDAD DE MEXICO,03100,19.38474,-99.16101
MINI BODEGA COYOACAN,CIUDAD DE MEXICO,LOCAL C 1,PUEBLO DE LOS REYES,CIUDAD DE MEXICO,04330,19.33541,-99.15437
MINI BODEGA CUAUHTEMOC,CIUDAD DE MEXICO,210,HIPODROMO,CIUDAD DE MEXICO,06100,19.41287,-99.16665
MINI BODEGA HUIXQUILUCAN,HUIXQUILUCAN DE DEGOLLADO,L.T. 26,SAN FERNANDO,HUIXQUILUCAN DE DEGOLLADO,52765,19.38621,-99.2813
MINI BODEGA IZTAPALAPA,CIUDAD DE MEXICO,16,NUEVA ROSITA,CIUDAD DE MEXICO,09420,19.3774,-99.10816
MINI BODEGA MEXIQUENSE,TULTITLAN DE MARIANO ESCOBEDO,6,EXHACIENDA LOS PORTALES,TULTITLAN DE MARIANO ESCOBEDO,54910,19.64074,-99.14269
MINI BODEGA MIGUEL HIDALGO,CIUDAD DE MEXICO,15,TACUBA,CIUDAD DE MEXICO,11410,19.45579,-99.18788
MINI BODEGA NAUCALPAN,NAUCALPAN DE JUAREZ,295,HACIENDA DE ECHEGARAY,NAUCALPAN DE JUAREZ,53300,19.49693,-99.22665
MINI BODEGA NEZAHUALCOYOTL,NEZAHUALCOYOTL,1,METROPOLITANA 1A SECC,NEZAHUALCOYOTL,57730,19.39174,-99.03795
MIRAMONTES 1,CIUDAD DE MEXICO,20,PRADOS DE COYOACAN,CIUDAD DE MEXICO,04810,19.32007,-99.13232
MIRAMONTES 2,CIUDAD DE MEXICO,3211,RESIDENCIAL ACOXPA,CIUDAD DE MEXICO,14300,19.29889,-99.12528
MISANTLA 1,MISANTLA,114,CENTRO,MISANTLA,93820,19.92723,-96.8547
MISANTLA 2,MISANTLA,S/N,MISANTLA,MISANTLA,93820,19.92942,-96.853
MISANTLA 3,MISANTLA,S/N,CENTRO,MISANTLA,93820,19.93271,-96.85043
MOCTEZUMA 1,CIUDAD DE MEXICO,82,MOCTEZUMA,CIUDAD DE MEXICO,15530,19.42932,-99.10371
MOCTEZUMA 2,CIUDAD DE MEXICO,237,MOCTEZUMA 2A SECCION,CIUDAD DE MEXICO,15530,19.43242,-99.09657
MOCTEZUMA 3,CIUDAD DE MEXICO,44,MOCTEZUMA 1A SECCION,CIUDAD DE MEXICO,15500,19.42827,-99.1078
MODERNA,CIUDAD DE MEXICO,212,MODERNA,CIUDAD DE MEXICO,03510,19.39128,-99.13255
MONTERREY 11,MONTERREY,6636,FOMERREY 51,MONTERREY,64109,25.75741,-100.3887
MONTERREY 12,MONTERREY,805,CONTRY,MONTERREY,64860,25.63717,-100.283
MONTERREY 13,MONTERREY,3538,MITRAS SUR,MONTERREY,64020,25.68788,-100.3511
MONTERREY 18,MONTERREY,101,BOSQUES DEL VALLE,MONTERREY,66250,25.65177,-100.3773
MONTERREY 2,MONTERREY,311,CENTRO,MONTERREY,64000,25.67788,-100.3141
MONTERREY 21,MONTERREY,2100,FRACCIONAMIENTO INDUSTRIAL,MONTERREY,64299,25.70491,-100.3333
MONTERREY 24,MONTERREY,3804,JARDIN DE LAS TORRES,MONTERREY,64754,25.63885,-100.3076
MONTERREY 25,MONTERREY,3318 Y3318A,MODERNA,MONTERREY,64530,25.70345,-100.2803
MONTERREY 26,GUADALUPE,201,VICENTE GUERRERO,GUADALUPE,67160,25.68859,-100.2299
MONTERREY 27,MONTERREY,1800,VILLAS DE SANTO DOMINGO,MONTERREY,66437,25.75076,-100.2571
MONTERREY 32,MONTERREY,109,NUEVA LINDAVISTA,MONTERREY,67110,25.70373,-100.2314
MONTERREY 33,MONTERREY,MZ 6,TRAZO MARCO,MONTERREY,64103,25.78375,-100.4071
MONTERREY 34,MONTERREY,674,LOMAS DE ANAHUAC,MONTERREY,64260,25.73731,-100.3207
MONTERREY 37,MONTERREY,535,MONTERREY CENTRO,MONTERREY,64000,25.67347,-100.3326
MONTERREY 38,MONTERREY,3902,EL PEÑON,MONTERREY,67182,25.65734,-100.2219
MONTERREY 39,MONTERREY,956,MONTERREY CENTRO,MONTERREY,64000,25.68644,-100.3209
MONTERREY 4,MONTERREY,513,PUEBLO NUEVO 1,MONTERREY,66646,25.76003,-100.1656
MONTERREY 41,MONTERREY,426,CIUDAD GUADALUPE CENTRO,MONTERREY,67100,25.67955,-100.2541
MONTERREY 5,MONTERREY,1812,VALLE MORELOS,MONTERREY,64180,25.72149,-100.3426
MONTERREY 53,MONTERREY,402,CENTRO,MONTERREY,66350,25.67359,-100.4653
MONTERREY 54,MONTERREY,1806,BUENOS AIRES,MONTERREY,64800,25.66703,-100.2819
MONTERREY 59,MONTERREY,"330-1,330-2",MISION DE CASA BLANCA,MONTERREY,66478,25.73214,-100.2339
MONTERREY 65,MONTERREY,7101,SANTA MARIA,MONTERREY,67198,25.65161,-100.1969
MONTERREY 66,MONTERREY,105,CUAUHTEMOC,MONTERREY,66450,25.7337,-100.2915
MONTERREY 68,MONTERREY,118,COLONIA BARRIO PUERTA DEL SOL,MONTERREY,64102,25.78299,-100.3803
MONTERREY 7,MONTERREY,1198,PASEO DE LOS ANDES,MONTERREY,66444,25.73719,-100.2683
MONTERREY 70,MONTERREY,701,ADOLFO PRIETO,MONTERREY,67120,25.70336,-100.255
MONTERREY 71,SAN NICOLAS DE LOS GARZA,101,FRACCIONAMIENTO VALLE SOL,SAN NICOLAS DE LOS GARZA,66418,25.76688,-100.2795
MONTERREY 72,MONTERREY,894-C,RINCONADA COLONIAL,MONTERREY,66606,25.79691,-100.2019
MONTERREY 73,MONTERREY,1929,CRISPIN TREVIÑO,MONTERREY,67190,25.6691,-100.1791
MONTERREY 77,SANTA CATARINA,199,COOPERATIVA LA UNION,SANTA CATARINA,66129,25.68888,-100.4541
MONTERREY 78,GENERAL MARIANO ESCOBEDO,976 A Y976 B,PEDREGAL DE ESCOBEDO,GENERAL MARIANO ESCOBEDO,66061,25.80783,-100.3583
MONTERREY 79,MONTERREY,1402,BELLO AMANECER RESIDENCIAL,MONTERREY,67132,25.70015,-100.1343
MONTERREY 84,MONTERREY,516,FRACCIONAMIENTO PUERTA DE HIERRO,MONTERREY,64349,25.74652,-100.4191
MONTERREY 85,GUADALUPE,400,PEDREGAL DE LINDAVISTA,GUADALUPE,67112,25.71376,-100.2042
MONTERREY 86,APODACA,L 26,PRADOS DE LA CIENEGUITA,APODACA,66636,25.77883,-100.2555
MONTERREY 87,MONTERREY,2503,SAN JORGE,MONTERREY,64330,25.71913,-100.3652
MONTERREY 88,SAN PEDRO GARZA GARCIA,321,VALLE DE SANTA ENGRACIA,SAN PEDRO GARZA GARCIA,66268,25.65546,-100.3569
MONTERREY 9,MONTERREY,163,LOMAS DE SAN MIGUEL,MONTERREY,67113,25.72301,-100.1908
MONTERREY 90,APODACA,436,LOMAS DEL PEDREGAL,APODACA,66648,25.73036,-100.1644
"MORELIA 108, MCH",MORELIA,5441,TABIQUEROS,MORELIA,58195,19.69308,-101.2405
"MORELIA 15, MCH",MORELIA,81,SOLIDARIDAD,MORELIA,58116,19.72997,-101.2062
"MORELIA 16, MCH",MORELIA,8278,SAN PASCUAL,MORELIA,58337,19.69552,-101.2671
"MORELIA 17, MCH",MORELIA,306,LOS MANANTIALES DE MORELIA,MORELIA,58188,19.69906,-101.2377
MORELIA 9,MORELIA,2600,SAN JUANITO ITZICUARO,MORELIA,58341,0.0,0.0
MOTOZINTLA 1,MOTOZINTLA,S/N,BELISARIO DOMINGUEZ,MOTOZINTLA,30910,15.30098,-92.38316
NANCHITAL,NANCHITAL DE LAZARO CARDENAS DELRIO,4,CENTRO,NANCHITAL DE LAZARO CARDENAS DELRIO,96360,18.07265,-94.41099
NANCHITAL 2,NANCHITAL DE LAZARO CARDENAS DELRIO,41,1° (PRIMERO) DE MAYO,NANCHITAL DE LAZARO CARDENAS DELRIO,96360,18.07011,-94.41078
NANCHITAL 3,NANCHITAL DE LAZARO CARDENAS DEL RIO,37,BENITO JUAREZ,NANCHITAL DE LAZARO CARDENAS DEL RIO,96360,18.07021,-94.40659
NAPOLES,CIUDAD DE MEXICO,116,NAPOLES,CIUDAD DE MEXICO,03800,19.39085,-99.17857
NARVARTE 1,CIUDAD DE MEXICO,1305,NARVARTE PONIENTE,CIUDAD DE MEXICO,03020,19.38519,-99.15801
NARVARTE 2,CIUDAD DE MEXICO,1008,VERTIZ NARVARTE,CIUDAD DE MEXICO,03600,19.3846,-99.1522
NARVARTE 4,CIUDAD DE MEXICO,523,PIEDAD NARVARTE,CIUDAD DE MEXICO,03000,19.40236,-99.1505
NAUCALPAN 1,NAUCALPAN,16,NAUCALPAN DE JUAREZ,NAUCALPAN,53500,19.47391,-99.23554
NAUCALPAN 2,NAUCALPAN,36,AHUIZOTLA,NAUCALPAN,53378,19.47263,-99.21234
NAUCALPAN 3,NAUCALPAN,183,SAN ANTONIO ZOMEYUCAN,NAUCALPAN,53750,19.44957,-99.24741
NAUCALPAN 9,NAUCALPAN DE JUAREZ,MANZANA 49,MINAS COYOTE,NAUCALPAN DE JUAREZ,53694,19.43658,-99.28908
NAUTLA 1,NAUTLA,02,NAUTLA,NAUTLA,93800,20.20578,-96.77148
NEZAHUALCOYOTL 4,NEZAHUALCOYOTL,460,BENITO JUAREZ,NEZAHUALCOYOTL,57000,19.40077,-99.00384
NEZAHUALCOYOTL 5,NEZAHUALCOYOTL,268,METROPOLITANA,NEZAHUALCOYOTL,57730,19.39163,-99.03777
NEZAHUALCOYOTL 6,NEZAHUALCOYOTL,90,LAS MARAVILLAS,NEZAHUALCOYOTL,57410,19.41852,-99.05052
NEZAHUALCOYOTL 7,NEZAHUALCOYOTL,707,PERLA REFORMA,NEZAHUALCOYOTL,57848,19.37954,-98.98644
"NICOLAS ROMERO 1, EDO MEX.",VILLA NICOLAS ROMERO,S/N,SAN IDELFONSO,VILLA NICOLAS ROMERO,54470,19.61666,-99.29964
"NICOLAS ROMERO 2, EDO MEX",VILLA NICOLAS ROMERO,S/N,VICENTE GUERRERO,VILLA NICOLAS ROMERO,54425,19.6127,-99.31824
NIÑOS HEROES (USI),CIUDAD DE MEXICO,153,DOCTORES,CIUDAD DE MEXICO,06720,19.41691,-99.15084
NIÑOS HEROES 2,CIUDAD DE MEXICO,168,DOCTORES,CIUDAD DE MEXICO,06720,19.41933,-99.14986
NUEVA ATZACOALCO,CIUDAD DE MEXICO,707,NUEVA ATZACOALCO,CIUDAD DE MEXICO,07420,19.50129,-99.08519
NUEVA ATZACOALCO 2,CIUDAD DE MEXICO,463,NUEVA ATZACOALCO,CIUDAD DE MEXICO,07420,19.49684,-99.08787
OBSERVATORIO,CIUDAD DE MEXICO,485,LAS PALMAS OBSERVATORIO,CIUDAD DE MEXICO,01110,19.40021,-99.21101
OCOTLAN 1,OCOTLAN,63,CENTRO,OCOTLAN,47800,20.34709,-102.7735
OCOTLAN 2,OCOTLAN,401,OCOTLAN CENTRO,OCOTLAN,47800,20.3513,-102.7723
OCOTLAN 4,OCOTLAN,299,OCOTLAN CENTRO,OCOTLAN,47800,20.35043,-102.7738
OCOTLAN 5,OCOTLAN,960-A,FRACCIONAMIENTO VALLE DE LA CONCEPCION,OCOTLAN,47860,20.3516,-102.7626
OCOTLAN 6,OCOTLAN,247,CAMINO REAL,OCOTLAN,47849,20.35912,-102.7787
OCOZOCOAUTLA,OCOZOCOAUTLA DE ESPINOSA,17,CENTRO,OCOZOCOAUTLA DE ESPINOSA,29140,16.76145,-93.37325
OCOZOCOAUTLA 2,OCOZOCOAUTLA DE ESPINOSA,143,CENTRO,OCOZOCOAUTLA DE ESPINOSA,29140,16.7619,-93.37598
OCOZOCOAUTLA 3,OCOZOCOAUTLA DE ESPINOSA,S/N,BARRIO UNION HIDALGO,OCOZOCOAUTLA DE ESPINOSA,29140,16.75147,-93.37249
OCOZOCOAUTLA 4,OCOZOCOAUTLA DE ESPINOSA,619,SAN ANTONIO,OCOZOCOAUTLA DE ESPINOSA,29140,16.75737,-93.3752
OLUTA 1,OLUTLA,503 Y 503A,CENTRO,OLUTLA,96160,17.92891,-94.89677
OLUTA 2,OLUTA,110,JUAN BLANCO,OLUTA,96160,17.93961,-94.91137
ORIZABA 1,ORIZABA,27-B,CENTRO,ORIZABA,94300,18.84578,-97.10408
ORIZABA 10,ORIZABA,115-A,RAFAEL ALVARADO FDZ,ORIZABA,94340,18.86125,-97.07745
ORIZABA 11,ORIZABA,150-B,AGRICOLA LIBRADO RIVERA,ORIZABA,94380,18.83828,-97.09943
ORIZABA 12,ORIZABA,243-A,BARRIO NUEVO,ORIZABA,94340,18.85095,-97.07925
ORIZABA 13,ORIZABA,S/N,EL ESPINAL,ORIZABA,94330,18.86826,-97.10113
ORIZABA 2,ORIZABA,277,CENTRO,ORIZABA,94300,18.85084,-97.10511
ORIZABA 3,ORIZABA,351,CENTRO,ORIZABA,94300,18.85149,-97.10628
ORIZABA 4,ORIZABA,691,EMILIANO ZAPATA SUR,ORIZABA,94320,18.85393,-97.1002
ORIZABA 5,ORIZABA,1382,CENTRO,ORIZABA,94300,18.84874,-97.09203
ORIZABA 6,ORIZABA,422,ABELARDO L RODRIGUEZ,ORIZABA,94310,18.86355,-97.10703
ORIZABA 8,ORIZABA,23-A,CENTRO,ORIZABA,94300,18.84839,-97.10628
OZULUAMA,OZULUAMA DE MASCAREÑAS,S/N,CENTRO,OZULUAMA DE MASCAREÑAS,92080,21.66225,-97.85075
PALENQUE 1,PALENQUE,185,PALENQUE CENTRO,PALENQUE,29960,17.50904,-91.98492
PALENQUE 3,PALENQUE,S/N,PALENQUE CENTRO,PALENQUE,29960,17.50909,-91.98203
PALENQUE 4,PALENQUE,S/N,LA ESPERANZA,PALENQUE,29960,17.51167,-91.98716
PALENQUE 5,PALENQUE,S/N,PALENQUE CENTRO,PALENQUE,29960,17.50806,-91.98654
PALENQUE 6,PALENQUE,S/N,CENTRO,PALENQUE,29960,17.50863,-91.97871
PARQUE LIRA,CIUDAD DE MEXICO,28,DANIEL GARZA,CIUDAD DE MEXICO,11830,19.41058,-99.19106
"PATZCUARO 1, MCH",PATZCUARO,19,PATZCUARO CENTRO,PATZCUARO,61600,19.51621,-101.6109
"PATZCUARO 2, MCH",PATZCUARO,2540,JUVENTINO ROSAS,PATZCUARO,61605,19.50799,-101.6137
"PATZCUARO 3, MCH",PATZCUARO,12,PATZCUARO CENTRO,PATZCUARO,61600,19.51521,-101.6114
"PATZCUARO 5, MCH",PATZCUARO,S/N,LAZARO CARDENAS,PATZCUARO,61604,19.49892,-101.6039
"PATZCUARO 6, MCH",PATZCUARO,32,PATZCUARO CENTRO,PATZCUARO,61600,19.51612,-101.6073
"PATZCUARO 7, MCH",PATZCUARO,5,PATZCUARO CENTRO,PATZCUARO,61600,19.51702,-101.6089
PEDREGAL,CIUDAD DE MEXICO,4020,JARDINES DEL PEDREGAL,CIUDAD DE MEXICO,01900,19.30823,-99.21348
PENSADOR MEXICANO 1,CIUDAD DE MEXICO,540,PENSADOR MEXICANO,CIUDAD DE MEXICO,15510,19.44464,-99.08701
"PERIBAN, MCH",PERIBAN,1,PERIBAN DE RAMOS,PERIBAN,60440,19.51973,-102.4155
PICK UP,CIUDAD DE MEXICO,10,INDEPENDENCIA,CIUDAD DE MEXICO,03630,0.0,0.0
PIJIJIAPAN 2,PIJIJIAPAN,S/N,PIJIJIAPAN CENTRO,PIJIJIAPAN,30540,15.68771,-93.20753
PIJIJIAPAN 3,PIJIJIAPAN,S/N,CENTRO,PIJIJIAPAN,30540,15.68709,-93.20901
PINO SUAREZ,CIUDAD DE MEXICO,83,CENTRO,CIUDAD DE MEXICO,06090,19.4252,-99.13327
PLAZA GALERIAS,CIUDAD DE MEXICO,193,VERONICA ANZURES,CIUDAD DE MEXICO,11300,19.43565,-99.17082
POLANCO 1,CIUDAD DE MEXICO,340,LOS MORALES,CIUDAD DE MEXICO,11510,19.43728,-99.20126
POLANCO 2,CIUDAD DE MEXICO,304,CHAPULTEPEC MORALES,CIUDAD DE MEXICO,11570,19.43331,-99.18873
POLANCO 3,CIUDAD DE MEXICO,152,POLANCO V SECCION,CIUDAD DE MEXICO,11560,19.43585,-99.18597
POLANCO 4,CIUDAD DE MEXICO,182,POLANCO,CIUDAD DE MEXICO,11550,19.43574,-99.19083
PRENSA NACIONAL,TLALNEPANTLA DE BAZ,792,PRENSA NACIONAL,TLALNEPANTLA DE BAZ,54170,19.51114,-99.17125
PROGRESO NACIONAL 1,CIUDAD DE MEXICO,262,PROGRESO NACIONAL,CIUDAD DE MEXICO,07600,19.52112,-99.16242
PROGRESO NACIONAL 2,CIUDAD DE MEXICO,123,PROGRESO NACIONAL,CIUDAD DE MEXICO,07600,19.5208,-99.15903
PROGRESO TIZAPAN,CIUDAD DE MEXICO,35,PROGRESO,CIUDAD DE MEXICO,01080,19.34018,-99.20087
PROVIDENCIA 2,CIUDAD DE MEXICO,140,PROVIDENCIA,CIUDAD DE MEXICO,07550,19.48056,-99.06606
PROVIDENCIA 3,CIUDAD DE MEXICO,117,PROVIDENCIA,CIUDAD DE MEXICO,07550,19.48145,-99.0713
PROVIDENCIA 4,CIUDAD DE MEXICO,LT 1 MZ 58,PROVIDENCIA,CIUDAD DE MEXICO,07550,19.48372,-99.07116
PUEBLA 1,PUEBLA,4,CENTRO B,PUEBLA,72000,19.04813,-98.19608
PUEBLA 11,PUEBLA,2701,NUEVA AURORA POPULAR,PUEBLA,72070,19.07009,-98.20828
PUEBLA 12,PUEBLA,1302,EL MIRADOR,PUEBLA,72530,19.0397,-98.20135
PUEBLA 13,PUEBLA,3515,VILLA SAN ALEJANDRO,PUEBLA,72090,19.06717,-98.2172
PUEBLA 15,PUEBLA,9406,REVOLUCION MEXICANA,PUEBLA,72200,19.08121,-98.18109
PUEBLA 16,PUEBLA,115,CENTRO,PUEBLA,72000,19.04968,-98.1972
PUEBLA 17,PUEBLA,16 - B,CENTRO,PUEBLA,72000,19.04612,-98.19604
PUEBLA 18,PUEBLA,3714,AQUILES SERDAN,PUEBLA,72140,19.05956,-98.22498
PUEBLA 19,PUEBLA,5-A,MIGUEL HIDALGO,PUEBLA,72314,19.06978,-98.13559
PUEBLA 2,PUEBLA,1101,LOS VOLCANES,PUEBLA,72410,19.03902,-98.2117
PUEBLA 20,PUEBLA,1404,JARDINES DE SAN MANUEL,PUEBLA,72570,19.01701,-98.20092
PUEBLA 22,PUEBLA,4306,SANTA CRUZ BUENAVISTA,PUEBLA,72150,19.04607,-98.24925
PUEBLA 24,PUEBLA,534,CENTRO A,PUEBLA,72000,19.04658,-98.20266
PUEBLA 25,PUEBLA,2402,ALSESECA,PUEBLA,72543,19.01976,-98.19188
PUEBLA 26,PUEBLA,1402,UNIDAD SATELITE MAGISTERIAL,PUEBLA,72320,19.04389,-98.15813
PUEBLA 28,PUEBLA,3666,LAS CUARTILLAS,PUEBLA,72050,19.07132,-98.20609
PUEBLA 29,PUEBLA,2707,CHULA VISTA,PUEBLA,72420,19.03477,-98.20645
PUEBLA 3,PUEBLA,659,ADOLFO LOPEZ MATEOS,PUEBLA,72080,19.06521,-98.19064
PUEBLA 30,PUEBLA,6206,GUADALUPE VICTORIA NORTE,PUEBLA,72230,19.07012,-98.18948
PUEBLA 31,PUEBLA,11925,EXHACIENDA CHAPULCO,PUEBLA,72584,18.96646,-98.21884
PUEBLA 33,PUEBLA,106,SAN FRANCISCO TOTIMEHUACAN 59,PUEBLA,72595,18.97179,-98.1917
PUEBLA 34,PUEBLA,611,CENTRO A,PUEBLA,72000,19.04024,-98.19514
PUEBLA 35,PUEBLA,2,REAL DEL MONTE,PUEBLA,72060,19.06365,-98.22144
PUEBLA 36,PUEBLA,1711 A,BARRIO DE SANTIAGO,PUEBLA,72410,19.04731,-98.2141
PUEBLA 37,PUEBLA,202,CENTRO A,PUEBLA,72000,19.04434,-98.1964
PUEBLA 4,PUEBLA,2713,LA PAZ,PUEBLA,72160,19.05254,-98.22048
PUEBLA 5,PUEBLA,5302,LA HACIENDA,PUEBLA,72570,19.0135,-98.19298
PUEBLA 6,PUEBLA,102,LOS PINOS,PUEBLA,72240,19.06756,-98.17728
PUEBLA 7,PUEBLA,211,CENTRO,PUEBLA,72000,19.04072,-98.18816
PUEBLA 8,PUEBLA,6339,VISTA HERMOSA,PUEBLA,72270,19.00641,-98.21992
PUEBLO VIEJO,PUEBLO VIEJO,S/N,ANAHUAC,PUEBLO VIEJO,92035,22.2059,-97.8532
PUEBLO VIEJO 2,PUEBLO VIEJO,S/N,CALIFORNIA,PUEBLO VIEJO,92030,22.20557,-97.84406
PUERTO VALLARTA 10,PUERTO VALLARTA,100,VERSALLES,PUERTO VALLARTA,48310,20.6334,-105.2295
PUERTO VALLARTA 11,PUERTO VALLARTA,663,COAPINOLE (EL MANGAL),PUERTO VALLARTA,48290,20.6557,-105.2089
PUERTO VALLARTA 12,PUERTO VALLARTA,1347,LOS TAMARINDOS,PUERTO VALLARTA,48280,20.7147,-105.2178
PUERTO VALLARTA 13,PUERTO VALLARTA,532,INFONAVIT CTM,PUERTO VALLARTA,48318,20.64388,-105.2148
PUERTO VALLARTA 15,PUERTO VALLARTA,1140,5 DE DICIEMBRE,PUERTO VALLARTA,48350,20.61702,-105.2309
PUERTO VALLARTA 16,PUERTO VALLARTA,482,DE LAS JUNTAS DELEGACION,PUERTO VALLARTA,48291,20.6969,-105.2429
PUERTO VALLARTA 18,PUERTO VALLARTA,152,EL PALMAR DE ARAMARA,PUERTO VALLARTA,48314,20.65427,-105.2357
PUERTO VALLARTA 19,PUERTO VALLARTA,"588, 588 A",LA FLORESTA,PUERTO VALLARTA,48290,20.66114,-105.2181
PUERTO VALLARTA 2,PUERTO VALLARTA,75,VIDA VALLARTA,PUERTO VALLARTA,48318,20.64685,-105.2199
PUERTO VALLARTA 20,PUERTO VALLARTA,245-B,LAS MOJONERAS,PUERTO VALLARTA,48290,20.68472,-105.2264
PUERTO VALLARTA 21,PUERTO VALLARTA,970,SAN MIGUEL,PUERTO VALLARTA,48290,20.66342,-105.1968
PUERTO VALLARTA 22,PUERTO VALLARTA,1028,VILLAS DEL REAL,PUERTO VALLARTA,48290,20.66975,-105.2106
PUERTO VALLARTA 3,PUERTO VALLARTA,232,LOS TAMARINDOS,PUERTO VALLARTA,48280,20.71683,-105.2112
PUERTO VALLARTA 4,PUERTO VALLARTA,194,EMILIANO ZAPATA,PUERTO VALLARTA,48380,20.60456,-105.2342
PUERTO VALLARTA 5,PUERTO VALLARTA,218,PITILLAL CENTRO,PUERTO VALLARTA,48290,20.65274,-105.2181
PUERTO VALLARTA 6,PUERTO VALLARTA,847,PUERTO VALLARTA CENTRO,PUERTO VALLARTA,48300,20.61312,-105.2321
PUERTO VALLARTA 7,PUERTO VALLARTA,S/N,LAS GLORIAS,PUERTO VALLARTA,48333,20.63454,-105.2308
PUERTO VALLARTA 8,PUERTO VALLARTA,649,VERSALLES,PUERTO VALLARTA,48310,20.63211,-105.2262
PUERTO VALLARTA 9,PUERTO VALLARTA,250,PITILLAL CENTRO,PUERTO VALLARTA,48290,20.6517,-105.2176
"PUREPERO, MCH",PUREPERO,15,PUREPERO DE ECHAIZ,PUREPERO,58760,19.91035,-102.0077
REVOLUCION 1,CIUDAD DE MEXICO,993,MIXCOAC,CIUDAD DE MEXICO,03910,19.37065,-99.18843
REVOLUCION 2,CIUDAD DE MEXICO,1757,SAN ANGEL,CIUDAD DE MEXICO,01000,19.34435,-99.19032
REVOLUCION 3,CIUDAD DE MEXICO,1065,MIXCOAC,CIUDAD DE MEXICO,03910,19.36803,-99.18866
RIO BLANCO 1,ORIZABA,33,CENTRO,ORIZABA,94730,18.83274,-97.15522
RIO BLANCO 2,ORIZABA,587,ALVARO OBREGON,ORIZABA,94732,18.83931,-97.12024
RIO BLANCO 3,ORIZABA,1,HOSPITALITO,ORIZABA,94732,18.83736,-97.14416
RIO DE LA LOZA,CIUDAD DE MEXICO,152,DOCTORES,CIUDAD DE MEXICO,06720,19.42526,-99.14843
RIO VERDE 1,RIOVERDE,7,CENTRO,RIOVERDE,79610,21.93185,-99.99381
RIO VERDE 2,RIOVERDE,23,RIO VERDE CENTRO,RIOVERDE,79610,21.92997,-99.99251
RIO VERDE 3,RIOVERDE,J Y K,CENTRO,RIOVERDE,79610,21.93096,-99.99184
RIO VERDE 4,RIOVERDE,123,RIOVERDE CENTRO,RIOVERDE,79610,21.93431,-99.99553
ROBLES DOMINGUEZ,CIUDAD DE MEXICO,180 LC,VALLEJO,CIUDAD DE MEXICO,07870,19.46981,-99.13181
ROMA 2,CIUDAD DE MEXICO,48,ROMA NORTE,CIUDAD DE MEXICO,06700,19.41543,-99.15639
ROMA 5,CIUDAD DE MEXICO,157,ROMA NORTE,CIUDAD DE MEXICO,06700,19.4113,-99.16324
ROMA 6,CIUDAD DE MEXICO,88,ROMA SUR,CIUDAD DE MEXICO,06760,19.41016,-99.16264
ROMERO DE TERREROS,CIUDAD DE MEXICO,615,DEL VALLE,CIUDAD DE MEXICO,03100,19.39483,-99.16626
SAN CRISTOBAL DE LAS CASAS 1,SAN CRISTOBAL DE LAS CASAS,14,BARRIO DE MEXICANOS,SAN CRISTOBAL DE LAS CASAS,29240,16.74324,-92.63744
SAN CRISTOBAL DE LAS CASAS 2,SAN CRISTOBAL DE LAS CASAS,2,CENTRO,SAN CRISTOBAL DE LAS CASAS,29200,16.73662,-92.63814
SAN CRISTOBAL DE LAS CASAS 4,SAN CRISTOBAL DE LAS CASAS,2,MAGISTERIAL,SAN CRISTOBAL DE LAS CASAS,29223,16.74472,-92.63506
SAN CRISTOBAL DE LAS CASAS 5,SAN CRISTOBAL DE LAS CASAS,22,BARRIO DE MEXICANOS,SAN CRISTOBAL DE LAS CASAS,29240,16.74028,-92.63802
SAN CRISTOBAL DE LAS CASAS 6,SAN CRISTOBAL DE LAS CASAS,77-A,SANTA LUCIA,SAN CRISTOBAL DE LAS CASAS,29250,16.73051,-92.63711
SAN CRISTOBAL DE LAS CASAS 7,SAN CRISTOBAL DE LAS CASAS,148,BARRIO SAN RAMON,SAN CRISTOBAL DE LAS CASAS,29240,16.74367,-92.6572
SAN FRANCISCO PUJILTIC,VENUSTIANO CARRANZA,S/N,SAN FRANCISCO PUJILTIC,VENUSTIANO CARRANZA,30310,16.27823,-92.45058
SAN JUAN IXHUATEPEC,TLALNEPANTLA DE BAZ,57,SAN JUAN IXHUATEPEC,TLALNEPANTLA DE BAZ,54180,19.51921,-99.10861
SAN LUIS POTOSI 1,SAN LUIS POTOSI,755,CENTRO,SAN LUIS POTOSI,78000,22.15663,-100.9791
SAN LUIS POTOSI 10,SAN LUIS POTOSI,1595,LOS ALAMOS,SAN LUIS POTOSI,78174,22.14952,-100.9991
SAN LUIS POTOSI 11,SAN LUIS POTOSI,278,EL SAUCITO,SAN LUIS POTOSI,78110,22.18912,-101.0017
SAN LUIS POTOSI 12,SAN LUIS POTOSI,815,PROGRESO,SAN LUIS POTOSI,78370,22.1283,-100.9522
SAN LUIS POTOSI 13,SAN LUIS POTOSI,1104 Y1108,VALLE DEL TECNOLOGICO,SAN LUIS POTOSI,78137,22.17381,-101.014
SAN LUIS POTOSI 14,SAN LUIS POTOSI,455,FRACCIONAMIENTO CENTRAL,SAN LUIS POTOSI,78399,22.14199,-100.9524
SAN LUIS POTOSI 15,SAN LUIS POTOSI,2737,ESTRELLA DE ORIENTE,SAN LUIS POTOSI,78396,22.1408,-100.9156
SAN LUIS POTOSI 16,SAN LUIS POTOSI,424 Y 428,VERDE CAMPESTRE,SAN LUIS POTOSI,78154,22.16077,-101.0192
SAN LUIS POTOSI 17,SAN LUIS POTOSI,357 Y 359,VILLAS VALLARTA,SAN LUIS POTOSI,78230,22.15409,-100.9875
SAN LUIS POTOSI 18,SAN LUIS POTOSI,1106,SANTIAGO DEL RIO,SAN LUIS POTOSI,78049,22.16014,-100.9797
SAN LUIS POTOSI 19,SAN LUIS POTOSI,114-D,INDUSTRIAL AVIACION,SAN LUIS POTOSI,78140,22.1755,-100.9982
SAN LUIS POTOSI 2,SAN LUIS POTOSI,250,ZONA CENTRO,SAN LUIS POTOSI,78000,22.15486,-100.9746
SAN LUIS POTOSI 21,SAN LUIS POTOSI,140,SAN LUIS POTOSI CENTRO,SAN LUIS POTOSI,78000,22.15317,-100.9737
SAN LUIS POTOSI 22,SAN LUIS POTOSI,450,SAN LUIS POTOSI CENTRO,SAN LUIS POTOSI,78000,22.14825,-100.975
SAN LUIS POTOSI 23,SAN LUIS POTOSI,300,SAN LUIS POTOSI CENTRO,SAN LUIS POTOSI,78000,22.15236,-100.9747
SAN LUIS POTOSI 24,SAN LUIS POTOSI,400,SAN LUIS POTOSI CENTRO,SAN LUIS POTOSI,78000,22.15268,-100.9772
SAN LUIS POTOSI 27,SAN LUIS POTOSI,503,SAN LUIS POTOSI CENTRO,SAN LUIS POTOSI,78000,22.16014,-100.9773
SAN LUIS POTOSI 28,SAN LUIS POTOSI,724,FRACCIONAMIENTO LOMAS CUARTA SECCION,SAN LUIS POTOSI,78216,22.14272,-101.0332
SAN LUIS POTOSI 29,SAN LUIS POTOSI,2219,PROGRESO,SAN LUIS POTOSI,78370,22.12253,-100.9465
SAN LUIS POTOSI 3,SAN LUIS POTOSI,353,CENTRO,SAN LUIS POTOSI,78000,22.158,-100.9754
SAN LUIS POTOSI 30,SAN LUIS POTOSI,769,JARDINES DEL ESTADIO,SAN LUIS POTOSI,78280,22.14501,-100.9901
SAN LUIS POTOSI 31,SAN LUIS POTOSI,2280,CONSTITUCION,SAN LUIS POTOSI,78300,22.13247,-100.965
SAN LUIS POTOSI 32,SAN LUIS POTOSI,2270,TERCERA GRANDE,SAN LUIS POTOSI,78143,22.183,-100.973
SAN LUIS POTOSI 33,SAN LUIS POTOSI,1060,INDUSTRIAL AVIACION,SAN LUIS POTOSI,78140,22.17042,-101.0014
SAN LUIS POTOSI 34,SAN LUIS POTOSI,835,FRACCIONAMIENTO PEDRO MORENO,SAN LUIS POTOSI,78170,22.16674,-100.9868
SAN LUIS POTOSI 36,SAN LUIS POTOSI,417-A,VIVEROS,SAN LUIS POTOSI,78290,22.13924,-101.0134
SAN LUIS POTOSI 37,SAN LUIS POTOSI,941,TANGAMANGA II,SAN LUIS POTOSI,78269,22.1878,-100.9908
SAN LUIS POTOSI 38,SAN LUIS POTOSI,4121,FRACCIONAMIENTO FLORES DEL AGUAJE,SAN LUIS POTOSI,78398,22.11211,-100.9361
SAN LUIS POTOSI 39,SAN LUIS POTOSI,3735,FRACCIONAMIENTO CD. SATELITE FRANCISCOI. MADERO,SAN LUIS POTOSI,78380,22.1144,-100.9624
SAN LUIS POTOSI 4,SAN LUIS POTOSI,1529,PROVIDENCIA,SAN LUIS POTOSI,78390,22.14262,-100.9349
SAN LUIS POTOSI 40,SAN LUIS POTOSI,3969 Y3971,FRACCIONAMIENTO INDUSTRIAS,SAN LUIS POTOSI,78395,22.12401,-100.9217
SAN LUIS POTOSI 41,SAN LUIS POTOSI,196,FRACCIONAMIENTO VALLE DE BRAVO,SAN LUIS POTOSI,78250,22.15549,-101.0016
SAN LUIS POTOSI 42,SAN LUIS POTOSI,208,ZONA CENTRO,SAN LUIS POTOSI,78000,22.15923,-100.9744
SAN LUIS POTOSI 43,SAN LUIS POTOSI,815,ZONA CENTRO,SAN LUIS POTOSI,78000,22.14759,-100.9805
SAN LUIS POTOSI 44,SAN LUIS POTOSI,705,JARDIN,SAN LUIS POTOSI,78270,22.14607,-101.008
SAN LUIS POTOSI 45,SAN LUIS POTOSI,450,ESPAÑITA,SAN LUIS POTOSI,78378,22.13645,-100.9507
SAN LUIS POTOSI 46,SAN LUIS POTOSI,195,SAN ANGEL,SAN LUIS POTOSI,78120,22.1859,-101.0034
SAN LUIS POTOSI 47,SAN LUIS POTOSI,205,LOMAS 3A SECC,SAN LUIS POTOSI,78216,22.13837,-101.0267
SAN LUIS POTOSI 48,SAN LUIS POTOSI,205,TLAXCALA,SAN LUIS POTOSI,78038,22.16792,-100.978
SAN LUIS POTOSI 49,SAN LUIS POTOSI,755,EL AGUAJE,SAN LUIS POTOSI,78398,22.10896,-100.9425
SAN LUIS POTOSI 5,SOLEDAD DE GRACIANO SANCHEZ,1240,UNIDAD HABITACIONAL AZALEAS,SOLEDAD DE GRACIANO SANCHEZ,78436,22.16069,-100.9511
SAN LUIS POTOSI 50,SAN LUIS POTOSI,700,FRACCIONAMIENTO INDUSTRIAS,SAN LUIS POTOSI,78395,22.12425,-100.9279
SAN LUIS POTOSI 6,SAN LUIS POTOSI,2545,FRACCIONAMIENTO SANTUARIO,SAN LUIS POTOSI,78380,22.12333,-100.9658
SAN LUIS POTOSI 7,SAN LUIS POTOSI,315,DEL RIO,SAN LUIS POTOSI,78175,22.16237,-101.0007
SAN LUIS POTOSI 9,SAN LUIS POTOSI,600,JARDINES DEL SUR,SAN LUIS POTOSI,78399,22.1295,-100.9324
SAN MARCOS GUERRERO,SAN MARCOS,74,SAN MARCOS,SAN MARCOS,39960,16.79406,-99.38984
SAN MARCOS GUERRERO 2,SAN MARCOS,S/N,CENTRO,SAN MARCOS,39960,16.79772,-99.38984
SAN MARCOS GUERRERO 3,SAN MARCOS,S/N,EMILIANO ZAPATA,SAN MARCOS,39960,16.79303,-99.38828
SAN VICENTE CHICOLOAPAN,CHICOLOAPAN DE JUAREZ,26,SAN VICENTE CHICOLOAPAN DE JUAREZ CENTRO,CHICOLOAPAN DE JUAREZ,56370,19.41518,-98.90201
SANTA CRUZ,CIUDAD DE MEXICO,39,SAN SIMON TICUMAC,CIUDAD DE MEXICO,03660,19.37135,-99.14311
SANTA FE,CIUDAD DE MEXICO,3900,SANTA FE CUAJIMALPA,CIUDAD DE MEXICO,05348,19.36102,-99.27922
SANTA MARTHA 3,CIUDAD DE MEXICO,3254,SANTA MARTHA ACATITLA NORTE,CIUDAD DE MEXICO,09140,19.36666,-99.00496
SATELITE 2,NAUCALPAN,16,CIUDAD SATELITE,NAUCALPAN,53100,19.51247,-99.23074
SAYULA,SAYULA,7,SAYULA CENTRO,SAYULA,49300,19.88474,-103.6005
SIMILANDIA CENTRO,CIUDAD DE MEXICO,59,CENTRO (AREA 1),CIUDAD DE MEXICO,06000,19.43398,-99.13466
SIMILANDIA COSMOPOL,COACALCO DE BERRIOZABAL,1,BOSQUES DEL VALLE,COACALCO DE BERRIOZABAL,55717,19.63244,-99.12386
SIMILANDIA EL ROSARIO,CIUDAD DE MEXICO,1025,EL ROSARIO,CIUDAD DE MEXICO,02100,19.50323,-99.20303
SIMILANDIA GRAN SUR,CIUDAD DE MEXICO,5550,PEDREGAL DE CARRASCO,CIUDAD DE MEXICO,04700,19.30513,-99.16644
SOLEDAD DE DOBLADO,SOLEDAD DE DOBLADO,101,CENTRO,SOLEDAD DE DOBLADO,94240,19.04699,-96.42262
SOLEDAD DE DOBLADO 2,SOLEDAD DE DOBLADO,S/N,SONORA,SOLEDAD DE DOBLADO,94244,19.05031,-96.42464
SOLEDAD DE GRACIANO SANCHEZ 1,SOLEDAD DE GRACIANO SANCHEZ,307,SOLEDAD DE GRACIANO SANCHEZ CENTRO,SOLEDAD DE GRACIANO SANCHEZ,78430,22.18625,-100.9404
SOLEDAD DE GRACIANO SANCHEZ 10,SOLEDAD DE GRACIANO SANCHEZ,390,FRACCIONAMIENTO BUGAMBILIAS,SOLEDAD DE GRACIANO SANCHEZ,78436,22.15455,-100.9502
SOLEDAD DE GRACIANO SANCHEZ 11,SOLEDAD DE GRACIANO SANCHEZ,655,SAN FRANCISCO,SOLEDAD DE GRACIANO SANCHEZ,78435,22.16339,-100.9451
SOLEDAD DE GRACIANO SANCHEZ 12,SOLEDAD DE GRACIANO SANCHEZ,321 L-9M-23,LA SIERRA,SOLEDAD DE GRACIANO SANCHEZ,78438,22.14492,-100.91
SOLEDAD DE GRACIANO SANCHEZ 13,SOLEDAD DE GRACIANO SANCHEZ,356,FRACCIONAMIENTO PRIVADAS DE LA HACIENDA,SOLEDAD DE GRACIANO SANCHEZ,78438,22.15954,-100.9072
SOLEDAD DE GRACIANO SANCHEZ 14,SOLEDAD DE GRACIANO SANCHEZ,325-A,SAN RAFAEL,SOLEDAD DE GRACIANO SANCHEZ,78438,22.15164,-100.9098
SOLEDAD DE GRACIANO SANCHEZ 2,SOLEDAD DE GRACIANO SANCHEZ,1644,QUINTAS DE LA HACIENDA,SOLEDAD DE GRACIANO SANCHEZ,78438,22.15139,-100.8994
SOLEDAD DE GRACIANO SANCHEZ 3,SOLEDAD DE GRACIANO SANCHEZ,671-C,PROVIDENCIA,SOLEDAD DE GRACIANO SANCHEZ,78434,22.16813,-100.9429
SOLEDAD DE GRACIANO SANCHEZ 4,SOLEDAD DE GRACIANO SANCHEZ,1926,SAN ISIDRO,SOLEDAD DE GRACIANO SANCHEZ,78430,22.17064,-100.9228
SOLEDAD DE GRACIANO SANCHEZ 5,SOLEDAD DE GRACIANO SANCHEZ,1100-A,VILLA DE LA LIBERTAD,SOLEDAD DE GRACIANO SANCHEZ,78438,22.1404,-100.9032
SOLEDAD DE GRACIANO SANCHEZ 6,SOLEDAD DE GRACIANO SANCHEZ,4308,RANCHO PAVON,SOLEDAD DE GRACIANO SANCHEZ,78434,22.17799,-100.9544
SOLEDAD DE GRACIANO SANCHEZ 7,SOLEDAD DE GRACIANO SANCHEZ,607,SOLEDAD,SOLEDAD DE GRACIANO SANCHEZ,78430,22.19386,-100.9366
SOLEDAD DE GRACIANO SANCHEZ 8,SOLEDAD DE GRACIANO SANCHEZ,312,QUINTAS DE LA HACIENDA II,SOLEDAD DE GRACIANO SANCHEZ,78438,22.14631,-100.8959
SOLEDAD DE GRACIANO SANCHEZ 9,SOLEDAD DE GRACIANO SANCHEZ,208,SAN GERARDO,SOLEDAD DE GRACIANO SANCHEZ,78430,22.18469,-100.936
SUCURSAL SIMIEVENTOS,CIUDAD DE MEXICO,10,COL INDEPENDENCIA,CIUDAD DE MEXICO,03630,0.0,0.0
"TACAMBARO 1, MCH",TACAMBARO,86,TACAMBARO DE CODALLOS CENTRO,TACAMBARO,61650,19.23538,-101.4572
"TACAMBARO 2, MCH",TACAMBARO DE CODALLOS,6,TACAMBARO DE CODALLOS CENTRO,TACAMBARO DE CODALLOS,61650,19.23533,-101.4585
"TACAMBARO 3, MCH",TACAMBARO DE CODALLOS,263,TACAMBARO DE CODALLOS CENTRO,TACAMBARO DE CODALLOS,61650,19.2366,-101.456
"TACAMBARO 4, MCH",TACAMBARO DE CODALLOS,280,TACAMBARO DE CODALLOS CENTRO,TACAMBARO DE CODALLOS,61650,19.23532,-101.4618
TACUBA 1,CIUDAD DE MEXICO,34,TACUBA,CIUDAD DE MEXICO,11400,19.46042,-99.18871
TACUBA 3,CIUDAD DE MEXICO,6,TACUBA,CIUDAD DE MEXICO,11410,19.45818,-99.18406
TACUBAYA,CIUDAD DE MEXICO,6,ESCANDON,CIUDAD DE MEXICO,11800,19.40277,-99.18649
TACUBAYA 2,CIUDAD DE MEXICO,3,TACUBAYA,CIUDAD DE MEXICO,11870,19.40207,-99.18797
TAJIN,CIUDAD DE MEXICO,100,NARVARTE,CIUDAD DE MEXICO,03020,19.39803,-99.15276
TALA 1,TALA,45,CENTRO,TALA,45300,20.65077,-103.7
TALA 2,TALA,7,TALA CENTRO,TALA,45300,20.64899,-103.702
TALA 3,TALA,285,LA HIGUERA,TALA,45302,20.66001,-103.701
TAMAZUNCHALE 1,TAMAZUNCHALE,S/N,CENTRO,TAMAZUNCHALE,79960,21.26303,-98.79266
TAMAZUNCHALE 2,TAMAZUNCHALE,99,TAMAZUNCHALE CENTRO,TAMAZUNCHALE,79960,21.25975,-98.78809
TAMAZUNCHALE 3,TAMAZUNCHALE,49,XEW,TAMAZUNCHALE,79960,21.24693,-98.77847
TAMAZUNCHALE 4,TAMAZUNCHALE,42,BARRIO SAN JUAN ZONA CENTRO,TAMAZUNCHALE,79960,21.26109,-98.79016
TAMAZUNCHALE 5,TAMAZUNCHALE,.,BARRIO SAN JOSE,TAMAZUNCHALE,79960,21.2547,-98.78555
TAMPICO 1,TAMPICO,102,ZONA CENTRO,TAMPICO,89000,22.21553,-97.85511
TAMPICO 14,TAMPICO,14-B,PETROLERA,TAMPICO,89110,22.25859,-97.87609
TAMPICO 18,TAMPICO,223,SOLIDARIDAD VOLUNTAD Y TRABAJO,TAMPICO,89317,22.32084,-97.86068
TAMPICO 2,TAMPICO,1005,NUEVO PROGRESO,TAMPICO,89318,22.30822,-97.88104
TAMPICO 20,TAMPICO,"409, 411,413",ENRIQUE CARDENAS GONZALEZ,TAMPICO,89309,22.29896,-97.85512
TAMPICO 4,TAMPICO,409,EL PUEBLO,TAMPICO,89190,22.22401,-97.8636
TAMPICO 7,TAMPICO,407,FRENTE DEMOCRATICO,TAMPICO,89160,22.24533,-97.85542
TAMPICO 9,TAMPICO,513 PTE,LAS VIOLETAS,TAMPICO,89320,22.2874,-97.88172
"TAMUIN 1, S.L.P.",TAMUIN,331,CENTRO,TAMUIN,79200,22.00309,-98.77679
"TAMUIN 2, S.L.P.",TAMUIN,108,TAMUIN CENTRO,TAMUIN,79200,22.00358,-98.77525
TANQUIAN DE ESCOBEDO SLP,TANQUIAN DE ESCOBEDO,10,CENTRO,TANQUIAN DE ESCOBEDO,79840,21.59955,-98.6629
TAPACHULA 1,TAPACHULA,4,ZONA CENTRO,TAPACHULA,30700,14.90874,-92.2626
TAPACHULA 10,TAPACHULA,2,CENTRO,TAPACHULA,30700,14.90663,-92.26347
TAPACHULA 11,TAPACHULA,MZ 15 LT 3,LOS LAURELES,TAPACHULA,30780,14.88642,-92.2549
TAPACHULA 12,TAPACHULA,28,FRACCIONAMIENTO GUADALUPE,TAPACHULA,30770,14.8999,-92.2497
TAPACHULA 13,TAPACHULA,45,CENTRO,TAPACHULA,30700,14.91193,-92.26641
TAPACHULA 14,TAPACHULA,S/N,CENTRO TAPACHULA,TAPACHULA,30700,14.9124,-92.25518
TAPACHULA 15,TAPACHULA,175,FRACCIONAMIENTO CANTARRANAS,TAPACHULA,30797,14.89226,-92.27525
TAPACHULA 16,TAPACHULA,2,CENTRO,TAPACHULA,30700,14.90814,-92.26588
TAPACHULA 17,TAPACHULA,83,CENTRO,TAPACHULA,30700,14.91128,-92.26064
TAPACHULA 18,TAPACHULA,9,SAN CARALAMPIO,TAPACHULA,30760,14.9093,-92.26972
TAPACHULA 2,TAPACHULA,40,CENTRO,TAPACHULA,30700,14.91048,-92.26545
TAPACHULA 3,TAPACHULA,5 Y 6,INSURGENTES,TAPACHULA,30700,14.91736,-92.26663
TAPACHULA 4,TAPACHULA,38 C,CENTRO,TAPACHULA,30700,14.91186,-92.26435
TAPACHULA 5,TAPACHULA,35,TAPACHULA CENTRO,TAPACHULA,30700,14.91176,-92.26485
TAPACHULA 8,TAPACHULA,MZ 1,LOS CAFETALES,TAPACHULA,30820,14.86985,-92.30379
TAPACHULA 9,TAPACHULA,129,TAPACHULA CENTRO,TAPACHULA,30700,14.89937,-92.26783
TAXCO 1,TAXCO DE ALARCON,11,CENTRO,TAXCO DE ALARCON,40200,18.55502,-99.60562
TAXCO 2,TAXCO DE ALARCON,138,LA MISION,TAXCO DE ALARCON,40230,18.56048,-99.60113
TAXCO 3,TAXCO DE ALARCON,4,TAXCO DE ALARCON CENTRO,TAXCO DE ALARCON,40200,18.5559,-99.60376
TAXCO 4,TAXCO DE ALARCON,322,CENTRO,TAXCO DE ALARCON,40200,18.55443,-99.60232
TAXCO 5,TAXCO DE ALARCON,271,CENTRO,TAXCO DE ALARCON,40200,18.55366,-99.60649
TAXCO 6,TAXCO DE ALARCON,290-B,LA MORA,TAXCO DE ALARCON,40260,18.55632,-99.60172
TAXCO 7,TAXCO DE ALARCON,LOTE 9,MONTAÑA DE PLATA,TAXCO DE ALARCON,40274,18.55067,-99.61913
"TECOLOTLAN, JAL",TECOLOTLAN,17,LA VIRGENCITA,TECOLOTLAN,48540,20.19126,-104.0384
TENAYUCA,TLALNEPANTLA DE BAZ,41,TENAYUCA,TLALNEPANTLA DE BAZ,54150,19.53093,-99.16954
TEPALCATEPEC 2,TEPALCATEPEC,S/N,CENTRO,TEPALCATEPEC,60540,19.19005,-102.8455
TEPEPAN 1,CIUDAD DE MEXICO,7,SANTA MARIA TEPEPAN,CIUDAD DE MEXICO,16020,19.28053,-99.13788
TEPEPAN 2,CIUDAD DE MEXICO,339,PUEBLO DE SANTA MARIA TEPEPAN,CIUDAD DE MEXICO,16020,19.2763,-99.13301
TEQUESQUINAHUAC,TLALNEPANTLA DE BAZ,9,TEQUESQUINAHUAC,TLALNEPANTLA DE BAZ,54020,19.55898,-99.20363
TERMINAL TAPO,CIUDAD DE MEXICO,200,7 DE JULIO,CIUDAD DE MEXICO,15390,19.4302,-99.11332
"TEXISTEPEC, VER",TEXISTEPEC,80 ALTOS,CENTRO,TEXISTEPEC,96180,17.89397,-94.81764
TEZONAPA,TEZONAPA,8,CENTRO,TEZONAPA,95096,18.60351,-96.68535
TEZONAPA 2,TEZONAPA,35-A,CENTRO,TEZONAPA,95095,18.60279,-96.6878
TICOMAN,CIUDAD DE MEXICO,1264,FRACC. BARRIO LA PURISIMA,CIUDAD DE MEXICO,07320,19.51639,-99.13496
TIERRA BLANCA 1,TIERRA BLANCA,500,TIERRA BLANCA,TIERRA BLANCA,95100,18.44595,-96.35933
TIERRA BLANCA 2,TIERRA BLANCA,311,CENTRO,TIERRA BLANCA,95100,18.44844,-96.35973
TIERRA BLANCA 3,TIERRA BLANCA,1203,LOMA DEL JAZMIN,TIERRA BLANCA,95150,18.45088,-96.35367
TIERRA BLANCA 4,TIERRA BLANCA,L1 MZ52 Z5,PEMEX,TIERRA BLANCA,95180,18.44149,-96.34675
"TIQUICHEO DE NICOLAS ROMERO, MICHOACAN",TIQUICHEO DE NICOLAS ROMERO,38,CENTRO,TIQUICHEO DE NICOLAS ROMERO,61370,18.90196,-100.7377
TLACAMACA,CIUDAD DE MEXICO,312,TLACAMACA,CIUDAD DE MEXICO,07380,19.47619,-99.13746
TLAHUAC 1,CIUDAD DE MEXICO,1528,AÑO DE JUAREZ,CIUDAD DE MEXICO,09780,19.31745,-99.0741
TLAHUAC 2,CIUDAD DE MEXICO,MZ 12,LA TURBA,CIUDAD DE MEXICO,13250,19.29536,-99.05743
TLAHUAC 3,CIUDAD DE MEXICO,301,SAN ANDRES MIXQUIC,CIUDAD DE MEXICO,13600,19.22531,-98.95804
TLALNEMEX,TLALNEPANTLA DE BAZ,52,TLALNEMEX,TLALNEPANTLA DE BAZ,54070,19.531,-99.20128
TLALPAN 1,CIUDAD DE MEXICO,2552,EMILIANO ZAPATA,CIUDAD DE MEXICO,04810,19.32761,-99.13909
TLALPAN 2,CIUDAD DE MEXICO,5035,LA JOYA,CIUDAD DE MEXICO,14090,19.28085,-99.16592
TLALPAN 3,CIUDAD DE MEXICO,4456,TORIELLO GUERRA,CIUDAD DE MEXICO,14050,19.29559,-99.15453
TLALPAN 4,CIUDAD DE MEXICO,754,IZTACCIHUATL,CIUDAD DE MEXICO,03520,19.39142,-99.13816
TLALPAN 5,CIUDAD DE MEXICO,1265,SAN SIMON TICUMAC,CIUDAD DE MEXICO,03660,19.37108,-99.14164
TLALPAN 6,CIUDAD DE MEXICO,4087 FRACCNORTE,PUEBLO SANTA URSULA XITLA,CIUDAD DE MEXICO,14420,19.28498,-99.17586
TLALPAN 7,CIUDAD DE MEXICO,191,GRANJAS COAPA,CIUDAD DE MEXICO,14330,19.29521,-99.11479
TLALPAN 8,CIUDAD DE MEXICO,1529,PORTALES,CIUDAD DE MEXICO,03300,19.36211,-99.14313
TONALA,TONALA,S/N,CENTRO,TONALA,30500,16.08926,-93.75175
TONALA 2,TONALA,S/N,TONALA CENTRO,TONALA,30500,16.09134,-93.75249
TONALA 3,TONALA,S/N,CENTRO,TONALA,30500,16.08832,-93.75417
TONALA 4,TONALA,305,TEJERIA,TONALA,30500,16.09829,-93.76783
TONALA 5,TONALA,17-B,BARRIO LAS FLORES,TONALA,30500,16.0889,-93.74519
TOREO,NAUCALPAN DE JUAREZ,6 LOC 1-2,LOMAS DE SOTELO,NAUCALPAN DE JUAREZ,53390,19.45305,-99.21827
"TOTUTLA, VER.",TOTUTLA,83,TOTUTLA,TOTUTLA,94050,19.21271,-96.96294
TULTITLAN 1,TULTITLAN,S/N,EL TESORO,TULTITLAN,54957,19.59697,-99.16658
TULTITLAN 5,TULTITLAN DE MARIANO ESCOBEDO,S/N,EJIDO DE BUENAVISTA,TULTITLAN DE MARIANO ESCOBEDO,54955,19.62177,-99.16349
TULTITLAN 7,TULTITLAN DE MARIANO ESCOBEDO,154,CONCEPCION,TULTITLAN DE MARIANO ESCOBEDO,54900,19.64344,-99.18401
TUXTLA GUTIERREZ 1,TUXTLA GUTIERREZ,120,ZONA CENTRO,TUXTLA GUTIERREZ,29000,16.74952,-93.11717
TUXTLA GUTIERREZ 10,TUXTLA GUTIERREZ,241,TUXTLA GUTIERREZ CENTRO,TUXTLA GUTIERREZ,29000,16.74624,-93.1188
TUXTLA GUTIERREZ 11,TUXTLA GUTIERREZ,1991,MEXICANIDAD CHIAPANECA,TUXTLA GUTIERREZ,29070,16.74271,-93.10171
TUXTLA GUTIERREZ 13,TUXTLA GUTIERREZ,138,CASTILLO TIELMANS,TUXTLA GUTIERREZ,29070,16.74707,-93.0822
TUXTLA GUTIERREZ 14,TUXTLA GUTIERREZ,585,TUXTLA GUTIERREZ CENTRO,TUXTLA GUTIERREZ,29000,16.75809,-93.11629
TUXTLA GUTIERREZ 15,TUXTLA GUTIERREZ,MZ 7 LT 16,PLAN DE AYALA,TUXTLA GUTIERREZ,29110,16.76418,-93.18426
TUXTLA GUTIERREZ 16,TUXTLA GUTIERREZ,755,ALBANIA ALTA,TUXTLA GUTIERREZ,29010,16.77646,-93.10829
TUXTLA GUTIERREZ 17,TUXTLA GUTIERREZ,113,ISSSTE,TUXTLA GUTIERREZ,29060,16.74992,-93.13032
TUXTLA GUTIERREZ 18,TUXTLA GUTIERREZ,875,EL CERRITO,TUXTLA GUTIERREZ,29066,16.75461,-93.12286
TUXTLA GUTIERREZ 19,TUXTLA GUTIERREZ,344,BARRIO EL CALVARIO,TUXTLA GUTIERREZ,29066,16.74891,-93.11887
TUXTLA GUTIERREZ 2,TUXTLA GUTIERREZ,261,CENTRO,TUXTLA GUTIERREZ,29000,16.75394,-93.11765
TUXTLA GUTIERREZ 22,TUXTLA GUTIERREZ,1333,OBRERA,TUXTLA GUTIERREZ,29080,16.74309,-93.11395
TUXTLA GUTIERREZ 23,TUXTLA GUTIERREZ,613,AMPLIACION TERAN,TUXTLA GUTIERREZ,29059,16.74844,-93.16071
TUXTLA GUTIERREZ 24,TUXTLA GUTIERREZ,S/N,SAN JUAN SABINITO,TUXTLA GUTIERREZ,29090,16.73565,-93.10465
TUXTLA GUTIERREZ 25,TUXTLA GUTIERREZ,133,COPOYA,TUXTLA GUTIERREZ,29100,16.71374,-93.11898
TUXTLA GUTIERREZ 26,TUXTLA GUTIERREZ,703,BARRIO COLON,TUXTLA GUTIERREZ,29037,16.76257,-93.12006
TUXTLA GUTIERREZ 27,TUXTLA GUTIERREZ,1324,BARRIO ZOCOTUMBAK,TUXTLA GUTIERREZ,29073,16.75192,-93.10606
TUXTLA GUTIERREZ 28,TUXTLA GUTIERREZ,S/N,COLONIAL,TUXTLA GUTIERREZ,29098,16.73254,-93.09573
TUXTLA GUTIERREZ 29,TUXTLA GUTIERREZ,168,BARRIO EL CALVARIO,TUXTLA GUTIERREZ,29066,16.753,-93.11636
TUXTLA GUTIERREZ 3,TUXTLA GUTIERREZ,326,CENTRO,TUXTLA GUTIERREZ,29000,16.75074,-93.11482
TUXTLA GUTIERREZ 4,TUXTLA GUTIERREZ,443,CENTRO,TUXTLA GUTIERREZ,29000,16.75323,-93.11329
TUXTLA GUTIERREZ 6,TUXTLA GUTIERREZ,212,BARRIO SAN ROQUE,TUXTLA GUTIERREZ,29000,16.75004,-93.11584
TUXTLA GUTIERREZ 7,TUXTLA GUTIERREZ,1103,TUXTLA GUTIERREZ CENTRO,TUXTLA GUTIERREZ,29000,16.75958,-93.12402
TUXTLA GUTIERREZ 8,TUXTLA GUTIERREZ,125,TERAN,TUXTLA GUTIERREZ,29050,16.75217,-93.16314
TUXTLA GUTIERREZ 9,TUXTLA GUTIERREZ,S/N,CENTRO,TUXTLA GUTIERREZ,29000,16.75332,-93.15038
UNIVERSIDAD 1,CIUDAD DE MEXICO,1953,COPILCO UNIVERSIDAD,CIUDAD DE MEXICO,04340,19.33916,-99.18244
UNIVERSIDAD 2,CIUDAD DE MEXICO,913,DEL VALLE CENTRO,CIUDAD DE MEXICO,03100,19.36974,-99.16559
UNIVERSIDAD 3,CIUDAD DE MEXICO,1344,DEL CARMEN,CIUDAD DE MEXICO,04100,19.35811,-99.17216
UNIVERSIDAD 4,CIUDAD DE MEXICO,1471,FLORIDA,CIUDAD DE MEXICO,01030,19.3544,-99.17535
URSULO GALVAN,URSULO GALVAN,S/N,CENTRO,URSULO GALVAN,91662,19.40452,-96.35754
"URUAPAN 1, MCH",URUAPAN,3,URUAPAN CENTRO,URUAPAN,60000,19.41863,-102.0632
"URUAPAN 10, MCH",URUAPAN,5,QUIRINDAVARA,URUAPAN,60190,19.37709,-102.044
"URUAPAN 11, MCH",URUAPAN,69,EL COLORIN,URUAPAN,60120,19.41643,-102.0395
"URUAPAN 12, MCH",URUAPAN,1440,HUERTAS DEL CUPATITZIO,URUAPAN,60080,19.40533,-102.0546
"URUAPAN 13, MCH",URUAPAN,7,URUAPAN CENTRO,URUAPAN,60000,19.42068,-102.0617
"URUAPAN 14, MCH",URUAPAN,2500,LA PERLA,URUAPAN,60133,19.41654,-102.0331
"URUAPAN 15, MCH",URUAPAN,2,NATALIO VAZQUEZ PALLAREZ,URUAPAN,60154,19.40935,-102.0193
"URUAPAN 16, MCH",URUAPAN,130,SAN MIGUEL,URUAPAN,60040,19.42607,-102.0599
"URUAPAN 17, MCH",URUAPAN,1,RAMON FARIAS,URUAPAN,60050,19.41882,-102.0555
"URUAPAN 18, MCH",URUAPAN,6,URUAPAN CENTRO,URUAPAN,60000,19.42121,-102.0645
"URUAPAN 19, MCH",URUAPAN,1701,LOS ANGELES,URUAPAN,60160,19.40232,-102.0551
"URUAPAN 2, MCH",URUAPAN,58,SAN FRANCISCO,URUAPAN,60050,19.42615,-102.0515
"URUAPAN 20, MCH",URUAPAN,16,LA MAGDALENA,URUAPAN,60080,19.41043,-102.058
"URUAPAN 21, MCH",URUAPAN,88,PRIMERO DE MAYO,URUAPAN,60153,19.41027,-102.0386
"URUAPAN 22, MCH",URUAPAN,287,CASA DEL NIÑO PONIENTE,URUAPAN,60094,19.40353,-102.0699
"URUAPAN 23, MCH",URUAPAN,36,EJERCITO MEXICANO,URUAPAN,60154,19.41047,-102.0242
"URUAPAN 24, MCH",URUAPAN,61,URUAPAN CENTRO,URUAPAN,60000,19.41549,-102.0598
"URUAPAN 25, MCH",URUAPAN,1501,ROSA DE CASTILLA INFONAVIT,URUAPAN,60155,19.3928,-102.0219
"URUAPAN 26, MCH",URUAPAN,28,EL COLORIN NORTE,URUAPAN,60120,19.42201,-102.0399
"URUAPAN 27, MCH",URUAPAN,KM 72,LA QUINTA,URUAPAN,60030,19.43425,-102.0757
"URUAPAN 28, MCH",URUAPAN,S/N,CALTZONTZIN,URUAPAN,60220,19.42417,-102.0108
"URUAPAN 29, MCH",URUAPAN,126,JICALAN,URUAPAN,60090,19.39196,-102.0698
"URUAPAN 3, MCH",URUAPAN,22,MORELOS,URUAPAN,60050,19.41825,-102.0535
"URUAPAN 30, MCH",URUAPAN,206,RAMON FARIAS,URUAPAN,60050,19.42007,-102.0493
"URUAPAN 31, MCH",URUAPAN,409-A,REVOLUCION,URUAPAN,60150,19.40812,-102.0488
"URUAPAN 32, MCH",URUAPAN,104,BELLAVISTA,URUAPAN,60050,19.42731,-102.0575
"URUAPAN 33, MCH",URUAPAN,176,PROGRESO,URUAPAN,60090,19.40873,-102.067
"URUAPAN 4, MCH",URUAPAN,29,URUAPAN CENTRO,URUAPAN,60000,19.4225,-102.061
"URUAPAN 5, MCH",URUAPAN,22,CASA DEL NIÑO ORIENTE,URUAPAN,60090,19.40499,-102.0666
"URUAPAN 6, MCH",URUAPAN,268,SOL NACIENTE,URUAPAN,60154,19.4054,-102.0259
"URUAPAN 7, MCH",URUAPAN,9,URUAPAN CENTRO,URUAPAN,60000,19.42219,-102.0644
"URUAPAN 8, MCH",URUAPAN,92,URUAPAN CENTRO,URUAPAN,60000,19.41864,-102.056
"URUAPAN 9, MCH",URUAPAN,599,LOS ANGELES,URUAPAN,60170,19.39713,-102.0515
VALLE DE CHALCO 10,VALLE DE CHALCO SOLIDARIDAD,LT 1MZ 1288,MARIA ISABEL,VALLE DE CHALCO SOLIDARIDAD,56615,19.29622,-98.94958
VALLE DE CHALCO 2,VALLE DE CHALCO,MZ 529,SAN ISIDRO,VALLE DE CHALCO,56617,19.2953,-98.93018
VALLE DE CHALCO 4,VALLE DE CHALCO SOLIDARIDAD,MZ 85,SAN MIGUEL XICO I SECC.,VALLE DE CHALCO SOLIDARIDAD,56613,19.26964,-98.95349
VERACRUZ 12,VERACRUZ,384,BUENAVISTA INFONAVIT,VERACRUZ,91850,19.20208,-96.16868
VERACRUZ 13,VERACRUZ,94,VERACRUZ CENTRO,VERACRUZ,91700,19.20032,-96.13718
VERACRUZ 2,VERACRUZ,4265,DEL MAESTRO,VERACRUZ,91920,19.15847,-96.13129
VERACRUZ 23,VERACRUZ,521,RIO MEDIO,VERACRUZ,91809,19.20997,-96.19552
VERACRUZ 24,VERACRUZ,2-D,FRACC. GEOVILLAS RINCON DE LOS PINOS,VERACRUZ,91808,19.21652,-96.22514
VERACRUZ 25,VERACRUZ,656,CENTRO,VERACRUZ,91700,19.18676,-96.13667
VERACRUZ 26,VERACRUZ,861,CENTRO,VERACRUZ,91700,19.19756,-96.13846
VERACRUZ 28,VERACRUZ,1638,CENTRO,VERACRUZ,91700,19.19645,-96.13588
VERACRUZ 29,VERACRUZ,505,BOSQUES DE RIO MEDIO,VERACRUZ,91809,19.18632,-96.2124
VERACRUZ 30,VERACRUZ,LOTE 41,FRACCIONAMIENTO COSTA DORADA,VERACRUZ,91808,19.20862,-96.21644
VERACRUZ 31,VERACRUZ,LT 1 MZ 48,FLORESTA 80,VERACRUZ,91948,19.14955,-96.134
VERACRUZ 32,VERACRUZ,612,TARIMOYA III,VERACRUZ,91855,19.19954,-96.18744
VERACRUZ 33,VERACRUZ,2032,CHAPULTEPEC,VERACRUZ,91740,19.17253,-96.14622
VERACRUZ 34,VERACRUZ,230,LAS BRISAS,VERACRUZ,91809,19.20329,-96.17875
VERACRUZ 35,VERACRUZ,LOTE 19MANZANA 34,DORA MARIA TREVIÑO,VERACRUZ,91727,19.16792,-96.17011
VERACRUZ 36,VERACRUZ,413,CENTRO,VERACRUZ,91700,19.19109,-96.13985
VERACRUZ 37,VERACRUZ,1825,CENTRO,VERACRUZ,91700,19.19405,-96.13622
VERACRUZ 6,VERACRUZ,1725,RIO MEDIO,VERACRUZ,91890,19.20446,-96.19476
VERACRUZ 7,VERACRUZ,361,CENTRO,VERACRUZ,91700,19.19087,-96.1354
VERTIZ 1,CIUDAD DE MEXICO,1274,VERTIZ NARVARTE,CIUDAD DE MEXICO,03600,19.37543,-99.15387
VERTIZ 2,CIUDAD DE MEXICO,1137,VERTIZ NARVARTE,CIUDAD DE MEXICO,03600,19.3801,-99.15332
VILLA COYOACAN,CIUDAD DE MEXICO,646,VILLA COYOACAN,CIUDAD DE MEXICO,04000,19.34485,-99.16456
VILLA JUAREZ SLP,VILLA JUAREZ,S/N,CENTRO,VILLA JUAREZ,79460,22.32477,-100.2666
XALAPA 1,XALAPA,507,REVOLUCION,XALAPA,91100,19.56984,-96.91822
XALAPA 10,XALAPA,220,FRACCIONAMIENTO INGENIOCENTRAL DE ABASTOS,XALAPA,91193,19.51335,-96.85947
XALAPA 11,XALAPA,8,LA LAGUNILLA,XALAPA,91119,19.56796,-96.92825
XALAPA 12,XALAPA,S/N,VERACRUZ,XALAPA,91018,19.56157,-96.94807
XALAPA 13,XALAPA,13,ZONA CENTRO,XALAPA,91000,19.52747,-96.91569
XALAPA 2,XALAPA,91,CENTRO,XALAPA,91000,19.53054,-96.92364
XALAPA 3,XALAPA,374,CENTRO,XALAPA,91000,19.52779,-96.91125
XALAPA 4,XALAPA,13,CENTRO,XALAPA,91000,19.52748,-96.9221
XALAPA 5,XALAPA,1024,MARGARITA MAZA DE JUAREZ,XALAPA,91157,19.55614,-96.90506
XALAPA 6,XALAPA,4 LT 13,ARBOLEDAS DEL TRONCONAL,XALAPA,91152,19.56598,-96.90127
XALAPA 7,XALAPA,1139,LOMAS DE CASA BLANCA,XALAPA,91164,19.54132,-96.89616
XALAPA 8,XALAPA,23,LOMAS DE CASA BLANCA,XALAPA,91164,19.54973,-96.89494
XALAPA 9,LAS TRANCAS,S/N,LAS TRANCAS,LAS TRANCAS,91194,19.50686,-96.86532
XILITLA,XILITLA,105,CENTRO,XILITLA,79900,21.38531,-98.99073
XILITLA 2,XILITLA,S/N,XILITLA,XILITLA,79900,21.38505,-98.98994
XOCHIMILCO 1,CIUDAD DE MEXICO,10,EL ROSARIO,CIUDAD DE MEXICO,16070,19.26475,-99.10309
XOCHIMILCO 2,CIUDAD DE MEXICO,374,BARRIO XALTOCAN,CIUDAD DE MEXICO,16090,19.25242,-99.10151
XOCHIMILCO 4,CIUDAD DE MEXICO,12,BARRIO EL ROSARIO,CIUDAD DE MEXICO,16070,19.26191,-99.10516
XOCHIMILCO 5,CIUDAD DE MEXICO,75,PUEBLO SANTA CRUZ XOCHITEPEC,CIUDAD DE MEXICO,16100,19.25696,-99.13097
XOCHIMILCO 6,CIUDAD DE MEXICO,47,BARRIO SANTA CRUCITA,CIUDAD DE MEXICO,16070,19.2616,-99.10131
XOCHIMILCO 7,CIUDAD DE MEXICO,582,TIERRA NUEVA,CIUDAD DE MEXICO,16050,19.26764,-99.12354
ZACOALCO DE TORRES,ZACOALCO DE TORRES,70,CENTRO,ZACOALCO DE TORRES,45750,20.22976,-103.5712
ZAPATA,CIUDAD DE MEXICO,59,CENTRO,CIUDAD DE MEXICO,06060,19.43291,-99.12619
"ZAPOTILTIC 2, JALISCO",ZAPOTILTIC,61,CENTRO,ZAPOTILTIC,49600,19.62753,-103.4167
ZARAGOZA 1,CIUDAD DE MEXICO,795,PUEBLA,CIUDAD DE MEXICO,15020,19.4092,-99.07875
ZARAGOZA 2,CIUDAD DE MEXICO,750,AVIACION CIVIL,CIUDAD DE MEXICO,15740,19.41154,-99.08083
ZARAGOZA 4,CIUDAD DE MEXICO,224,SANTA CRUZ AVIACION,CIUDAD DE MEXICO,15540,19.42205,-99.09936
"ZINAPECUARO 1, MCH",ZINAPECUARO,42,ZINAPECUARO FIGUEROA CENTRO,ZINAPECUARO,58930,19.86024,-100.8282
"ZINAPECUARO 2, MCH",ZINAPECUARO,S/N,ZINAPECUARO DE FIGUEROA CENTRO,ZINAPECUARO,58930,19.8601,-100.8299
"ARIO DE ROSALES, MCH",ARIO,36,ARIO DE ROSALES,ARIO,61830,19.20633,-101.7092
"CHERAN, MCH",CHERAN,10,BARRIO PRIMERO,CHERAN,60270,19.68779,-101.9555
"JIQUILPAN 2, MCH",JIQUILPAN,10,JIQUILPAN DE JUAREZ CENTRO,JIQUILPAN,59510,19.99151,-102.7184
"JIQUILPAN, MCH",JIQUILPAN,114,JIQUILPAN DE JUAREZ CENTRO,JIQUILPAN,59510,19.99021,-102.7194
"LOS REYES 2, MCH",LOS REYES,S/N,JARDIN,LOS REYES,60350,19.59448,-102.4764
"LOS REYES 3, MCH",LOS REYES,S/N,LOS REYES DE SALGADO CENTRO,LOS REYES,60300,19.5904,-102.4742
"LOS REYES 4, MCH",LOS REYES,108,CENTRO,LOS REYES,60300,19.58524,-102.4749
"LOS REYES 5, MCH",LOS REYES DE SALGADO,39,CENTRO,LOS REYES DE SALGADO,60300,19.59359,-102.4718
"LOS REYES, MCH",LOS REYES,63 SUR,LOS REYES DE SALGADO CENTRO,LOS REYES,60300,19.58813,-102.4736
"MORELIA 108, MCH",MORELIA,5441,TABIQUEROS,MORELIA,58195,19.69308,-101.2405
"MORELIA 15, MCH",MORELIA,81,SOLIDARIDAD,MORELIA,58116,19.72997,-101.2062
"MORELIA 16, MCH",MORELIA,8278,SAN PASCUAL,MORELIA,58337,19.69552,-101.2671
"MORELIA 17, MCH",MORELIA,306,LOS MANANTIALES DE MORELIA,MORELIA,58188,19.69906,-101.2377
"PATZCUARO 1, MCH",PATZCUARO,19,PATZCUARO CENTRO,PATZCUARO,61600,19.51621,-101.6109
"PATZCUARO 2, MCH",PATZCUARO,2540,JUVENTINO ROSAS,PATZCUARO,61605,19.50799,-101.6137
"PATZCUARO 3, MCH",PATZCUARO,12,PATZCUARO CENTRO,PATZCUARO,61600,19.51521,-101.6114
"PATZCUARO 5, MCH",PATZCUARO,S/N,LAZARO CARDENAS,PATZCUARO,61604,19.49892,-101.6039
"PATZCUARO 6, MCH",PATZCUARO,32,PATZCUARO CENTRO,PATZCUARO,61600,19.51612,-101.6073
"PATZCUARO 7, MCH",PATZCUARO,5,PATZCUARO CENTRO,PATZCUARO,61600,19.51702,-101.6089
"PERIBAN, MCH",PERIBAN,1,PERIBAN DE RAMOS,PERIBAN,60440,19.51973,-102.4155
"PUREPERO, MCH",PUREPERO,15,PUREPERO DE ECHAIZ,PUREPERO,58760,19.91035,-102.0077
"TACAMBARO 1, MCH",TACAMBARO,86,TACAMBARO DE CODALLOS CENTRO,TACAMBARO,61650,19.23538,-101.4572
"TACAMBARO 2, MCH",TACAMBARO DE CODALLOS,6,TACAMBARO DE CODALLOS CENTRO,TACAMBARO DE CODALLOS,61650,19.23533,-101.4585
"TACAMBARO 3, MCH",TACAMBARO DE CODALLOS,263,TACAMBARO DE CODALLOS CENTRO,TACAMBARO DE CODALLOS,61650,19.2366,-101.456
"TACAMBARO 4, MCH",TACAMBARO DE CODALLOS,280,TACAMBARO DE CODALLOS CENTRO,TACAMBARO DE CODALLOS,61650,19.23532,-101.4618
"URUAPAN 1, MCH",URUAPAN,3,URUAPAN CENTRO,URUAPAN,60000,19.41863,-102.0632
"URUAPAN 10, MCH",URUAPAN,5,QUIRINDAVARA,URUAPAN,60190,19.37709,-102.044
"URUAPAN 11, MCH",URUAPAN,69,EL COLORIN,URUAPAN,60120,19.41643,-102.0395
"URUAPAN 12, MCH",URUAPAN,1440,HUERTAS DEL CUPATITZIO,URUAPAN,60080,19.40533,-102.0546
"URUAPAN 13, MCH",URUAPAN,7,URUAPAN CENTRO,URUAPAN,60000,19.42068,-102.0617
"URUAPAN 14, MCH",URUAPAN,2500,LA PERLA,URUAPAN,60133,19.41654,-102.0331
"URUAPAN 15, MCH",URUAPAN,2,NATALIO VAZQUEZ PALLAREZ,URUAPAN,60154,19.40935,-102.0193
"URUAPAN 16, MCH",URUAPAN,130,SAN MIGUEL,URUAPAN,60040,19.42607,-102.0599
"URUAPAN 17, MCH",URUAPAN,1,RAMON FARIAS,URUAPAN,60050,19.41882,-102.0555
"URUAPAN 18, MCH",URUAPAN,6,URUAPAN CENTRO,URUAPAN,60000,19.42121,-102.0645
"URUAPAN 19, MCH",URUAPAN,1701,LOS ANGELES,URUAPAN,60160,19.40232,-102.0551
"URUAPAN 2, MCH",URUAPAN,58,SAN FRANCISCO,URUAPAN,60050,19.42615,-102.0515
"URUAPAN 20, MCH",URUAPAN,16,LA MAGDALENA,URUAPAN,60080,19.41043,-102.058
"URUAPAN 21, MCH",URUAPAN,88,PRIMERO DE MAYO,URUAPAN,60153,19.41027,-102.0386
"URUAPAN 22, MCH",URUAPAN,287,CASA DEL NIÑO PONIENTE,URUAPAN,60094,19.40353,-102.0699
"URUAPAN 23, MCH",URUAPAN,36,EJERCITO MEXICANO,URUAPAN,60154,19.41047,-102.0242
"URUAPAN 24, MCH",URUAPAN,61,URUAPAN CENTRO,URUAPAN,60000,19.41549,-102.0598
"URUAPAN 25, MCH",URUAPAN,1501,ROSA DE CASTILLA INFONAVIT,URUAPAN,60155,19.3928,-102.0219
"URUAPAN 26, MCH",URUAPAN,28,EL COLORIN NORTE,URUAPAN,60120,19.42201,-102.0399
"URUAPAN 27, MCH",URUAPAN,KM 72,LA QUINTA,URUAPAN,60030,19.43425,-102.0757
"URUAPAN 28, MCH",URUAPAN,S/N,CALTZONTZIN,URUAPAN,60220,19.42417,-102.0108
"URUAPAN 29, MCH",URUAPAN,126,JICALAN,URUAPAN,60090,19.39196,-102.0698
"URUAPAN 3, MCH",URUAPAN,22,MORELOS,URUAPAN,60050,19.41825,-102.0535
"URUAPAN 30, MCH",URUAPAN,206,RAMON FARIAS,URUAPAN,60050,19.42007,-102.0493
"URUAPAN 31, MCH",URUAPAN,409-A,REVOLUCION,URUAPAN,60150,19.40812,-102.0488
"URUAPAN 32, MCH",URUAPAN,104,BELLAVISTA,URUAPAN,60050,19.42731,-102.0575
"URUAPAN 33, MCH",URUAPAN,176,PROGRESO,URUAPAN,60090,19.40873,-102.067
"URUAPAN 4, MCH",URUAPAN,29,URUAPAN CENTRO,URUAPAN,60000,19.4225,-102.061
"URUAPAN 5, MCH",URUAPAN,22,CASA DEL NIÑO ORIENTE,URUAPAN,60090,19.40499,-102.0666
"URUAPAN 6, MCH",URUAPAN,268,SOL NACIENTE,URUAPAN,60154,19.4054,-102.0259
"URUAPAN 7, MCH",URUAPAN,9,URUAPAN CENTRO,URUAPAN,60000,19.42219,-102.0644
"URUAPAN 8, MCH",URUAPAN,92,URUAPAN CENTRO,URUAPAN,60000,19.41864,-102.056
"URUAPAN 9, MCH",URUAPAN,599,LOS ANGELES,URUAPAN,60170,19.39713,-102.0515
"ZAMORA, MICHO",ZAMORA,176,ZAMORA DE HIDALGO CENTRO,ZAMORA,59600,19.98461,-102.2818
"ZINAPECUARO 1, MCH",ZINAPECUARO,42,ZINAPECUARO FIGUEROA CENTRO,ZINAPECUARO,58930,19.86024,-100.8282
"ZINAPECUARO 2, MCH",ZINAPECUARO,S/N,ZINAPECUARO DE FIGUEROA CENTRO,ZINAPECUARO,58930,19.8601,-100.8299
